"Natalia	Górska"
"Zuzanna	Kowalczyk"
"Karolina	Czarnecka"
"Jadwiga	Tomaszewska"
"Zofia	Nowakowska"
"Barbara	Górska"
"Sandra	Jaworska"
"Małgorzata	Nowakowska"
"Anna	Adamska"
"Iwona	Tomaszewska"
"Zofia	Wysocka"
"Halina	Woźniak"
"Anna	Nowicka"
"Jadwiga	Adamska"
"Olga	Dudek"
"Hanna	Wysocka"
"Elżbieta	Zawadzka"
"Julianna	Piotrowska"
"Irena	Chmielewska"
"Sandra	Nowakowska"
"Patrycja	Rutkowska"
"Elżbieta	Zawadzka"
"Iwona	Górska"
"Olga	Maciejewska"
"Oliwia	Zawadzka"
"Paulina	Górska"
"Anna	Kwiatkowska"
"Olga	Nowak"
"Sylwia	Wysocka"
"Sandra	Zając"
"Sandra	Jasińska"
"Sylwia	Ostrowska"
"Krystyna	Górska"
"Angelika	Kalinowska"
"Julita	Kucharska"
"Kinga	Wiśniewska"
"Joanna	Wieczorek"
"Cecylia	Pawlak"
"Anna	Kowalska"
"Dominika	Pawlak"
"Barbara	Kowalczyk"
"Hanna	Czerwińska"
"Jadwiga	Kowalska"
"Irena	Szymańska"
"Jowita	Wysocka"
"Grażyna	Kowalczyk"
"Kamila	Wojciechowska"
"Patrycja	Wieczorek"
"Luiza	Maciejewska"
"Kinga	Wysocka"
"Anna	Wojciechowska"
"Katarzyna	Król"
"Weronika	Ostrowska"
"Dagmara	Kowalska"
"Weronika	Kozłowska"
"Jadwiga	Czarnecka"
"Anna	Olszewska"
"Iwona	Kucharska"
"Elżbieta	Rutkowska"
"Alicja	Kowalska"
"Hanna	Nowak"
"Anna	Majewska"
"Anastazja	Szczepańska"
"Luiza	Jabłońska"
"Irena	Jabłońska"
"Monika	Duda"
"Dagmara	Dudek"
"Weronika	Nowakowska"
"Barbara	Rutkowska"
"Hanna	Duda"
"Celina	Szymańska"
"Konstancja	Pawłowska"
"Kinga	Sokołowska"
"Natalia	Chmielewska"
"Paulina	Górska"
"Kinga	Zając"
"Weronika	Jasińska"
"Ewa	Sawicka"
"Dominika	Jasińska"
"Hanna	Maciejewska"
"Sandra	Kucharska"
"Adrianna	Nowak"
"Wioletta	Majewska"
"Zuzanna	Zawadzka"
"Patrycja	Borkowska"
"Anna	Wieczorek"
"Oliwia	Kalinowska"
"Julianna	Kozłowska"
"Bożena	Ostrowska"
"Jowita	Maciejewska"
"Katarzyna	Wojciechowska"
"Małgorzata	Dąbrowska"
"Jadwiga	Tomaszewska"
"Weronika	Woźniak"
"Angelika	Duda"
"Justyna	Szczepańska"
"Izabella	Adamska"
"Dominika	Czerwińska"
"Wiola	Nowak"
"Maria	Nowak"
"Anna	Kowalska"
"Jadwiga	Kozłowska"
"Natalia	Sobczak"
"Krystyna	Kaczmarek"
"Otylia	Jabłońska"
"Katarzyna	Borkowska"
"Anna	Jaworska"
"Dagmara	Król"
"Ania	Kucharska"
"Weronika	Wojciechowska"
"Wiktoria	Rutkowska"
"Dagmara	Czerwińska"
"Matylda	Sokołowska"
"Barbara	Wieczorek"
"Alicja	Chmielewska"
"Hanna	Zielińska"
"Dominika	Jaworska"
"Ewa	Nowakowska"
"Kinga	Sokołowska"
"Anna	Pawłowska"
"Jowita	Kaczmarek"
"Cecylia	Rutkowska"
"Weronika	Nowicka"
"Urszula	Ostrowska"
"Sylwia	Sokołowska"
"Malwina	Nowicka"
"Martyna	Duda"
"Anna	Chmielewska"
"Zofia	Sawicka"
"Urszula	Dudek"
"Karolina	Rutkowska"
"Natalia	Dudek"
"Ewelina	Zając"
"Łucja	Kaczmarek"
"Renata	Pawłowska"
"Gosia	Borkowska"
"Iwona	Zawadzka"
"Urszula	Nowicka"
"Krystyna	Majewska"
"Dagmara	Szczepańska"
"Grażyna	Nowicka"
"Malwina	Tomaszewska"
"Julianna	Wysocka"
"Dorota	Maciejewska"
"Anna	Jaworska"
"Anastazja	Kalinowska"
"Beata	Czarnecka"
"Jagoda	Nowak"
"Karolina	Rutkowska"
"Alicja	Król"
"Dagmara	Kwiatkowska"
"Ewa	Górska"
"Iwona	Maciejewska"
"Zofia	Kalinowska"
"Kornelia	Duda"
"Dagmara	Michalska"
"Jowita	Kwiatkowska"
"Dorota	Dąbrowska"
"Kinga	Czerwińska"
"Grażyna	Zając"
"Malwina	Wojciechowska"
"Krysia	Adamska"
"Halina	Czarnecka"
"Anna	Maciejewska"
"Joanna	Zając"
"Olga	Jabłońska"
"Konstancja	Maciejewska"
"Gosia	Grabowska"
"Jolanta	Michalska"
"Marcelina	Kozłowska"
"Beata	Grabowska"
"Dagmara	Dudek"
"Weronika	Rutkowska"
"Marcelina	Kozłowska"
"Iwona	Zając"
"Zofia	Czerwińska"
"Sandra	Kowalczyk"
"Adrianna	Adamczyk"
"Ania	Dudek"
"Irena	Czerwińska"
"Małgorzata	Wieczorek"
"Lena	Nowak"
"Roksana	Jasińska"
"Patrycja	Jasińska"
"Sandra	Walczak"
"Roksana	Jaworska"
"Janina	Walczak"
"Krysia	Kowalska"
"Zofia	Grabowska"
"Iwona	Michalska"
"Dominika	Duda"
"Anna	Duda"
"Cecylia	Chmielewska"
"Elżbieta	Sawicka"
"Karolina	Kowalska"
"Alina	Sawicka"
"Anna	Kozłowska"
"Iwona	Nowakowska"
"Krysia	Szczepańska"
"Iwona	Sobczak"
"Jadwiga	Nowak"
"Ania	Dudek"
"Alicja	Piotrowska"
"Weronika	Kaczmarek"
"Zuzanna	Wojciechowska"
"Teresa	Jabłońska"
"Małgorzata	Jaworska"
"Dagmara	Wiśniewska"
"Natasza	Sawicka"
"Jadwiga	Zając"
"Krystyna	Piotrowska"
"Irena	Piotrowska"
"Cecylia	Michalska"
"Malwina	Czerwińska"
"Iwona	Nowakowska"
"Malina	Pawlak"
"Anna	Borkowska"
"Wioletta	Król"
"Karolina	Kalinowska"
"Gabrysia	Kaczmarek"
"Ewa	Nowicka"
"Sandra	Michalska"
"Sandra	Dudek"
"Anna	Majewska"
"Krystyna	Pawłowska"
"Dorota	Sokołowska"
"Anna	Czerwińska"
"Anna	Borkowska"
"Jadwiga	Nowicka"
"Iwona	Duda"
"Irena	Wiśniewska"
"Hanna	Majewska"
"Małgorzata	Wojciechowska"
"Hanna	Dudek"
"Julia	Czarnecka"
"Weronika	Dąbrowska"
"Zofia	Kamińska"
"Luiza	Szymańska"
"Sandra	Tomaszewska"
"Krysia	Sokołowska"
"Elżbieta	Nowak"
"Kinga	Sawicka"
"Martyna	Wiśniewska"
"Sylwia	Jasińska"
"Angelika	Jabłońska"
"Hanna	Czerwińska"
"Otylia	Jaworska"
"Renata	Czarnecka"
"Angelika	Sobczak"
"Dagmara	Michalska"
"Anastazja	Pawlak"
"Barbara	Adamczyk"
"Angelika	Piotrowska"
"Patrycja	Szczepańska"
"Anastazja	Kwiatkowska"
"Cecylia	Walczak"
"Zuzanna	Kwiatkowska"
"Anna	Walczak"
"Julia	Wojciechowska"
"Katarzyna	Wiśniewska"
"Krystyna	Kwiatkowska"
"Kinga	Zając"
"Kinga	Wojciechowska"
"Zuzanna	Zielińska"
"Janina	Jabłońska"
"Beata	Pawłowska"
"Zuzanna	Duda"
"Natasza	Ostrowska"
"Angelika	Szymańska"
"Małgorzata	Wieczorek"
"Olga	Kozłowska"
"Alina	Kozłowska"
"Małgorzata	Zawadzka"
"Barbara	Kalinowska"
"Oliwia	Zielińska"
"Zuzanna	Dudek"
"Otylia	Pawlak"
"Bożena	Borkowska"
"Barbara	Wiśniewska"
"Jadwiga	Maciejewska"
"Elżbieta	Wieczorek"
"Kinga	Woźniak"
"Karolina	Kozłowska"
"Urszula	Szczepańska"
"Scarlett	Sokołowska"
"Hanna	Kalinowska"
"Kinga	Wiśniewska"
"Marzena	Czarnecka"
"Lidia	Wieczorek"
"Gabriela	Wieczorek"
"Anna	Adamska"
"Elżbieta	Michalska"
"Olga	Tomaszewska"
"Joanna	Grabowska"
"Weronika	Pawlak"
"Ewelina	Wysocka"
"Hanna	Pawłowska"
"Ewelina	Kamińska"
"Anna	Grabowska"
"Grażyna	Zielińska"
"Janina	Chmielewska"
"Natalia	Czarnecka"
"Róża	Walczak"
"Zofia	Duda"
"Katarzyna	Walczak"
"Alina	Kozłowska"
"Weronika	Dudek"
"Gabrysia	Dudek"
"Urszula	Kowalska"
"Weronika	Sobczak"
"Lena	Wiśniewska"
"Irena	Adamczyk"
"Angelika	Sokołowska"
"Jagoda	Wiśniewska"
"Anna	Pawłowska"
"Jadwiga	Kaczmarek"
"Teresa	Kaczmarek"
"Roksana	Kowalczyk"
"Joanna	Maciejewska"
"Weronika	Grabowska"
"Maria	Kamińska"
"Olga	Grabowska"
"Wiola	Majewska"
"Barbara	Chmielewska"
"Maryla	Król"
"Agnieszka	Kalinowska"
"Sandra	Ostrowska"
"Joanna	Wieczorek"
"Ania	Szczepańska"
"Anna	Nowakowska"
"Anna	Jabłońska"
"Anna	Borkowska"
"Gabrysia	Kucharska"
"Ewelina	Rutkowska"
"Kinga	Szymańska"
"Barbara	Rutkowska"
"Barbara	Piotrowska"
"Agnieszka	Pawłowska"
"Anna	Sawicka"
"Katarzyna	Ostrowska"
"Ewelina	Chmielewska"
"Weronika	Górska"
"Matylda	Grabowska"
"Elżbieta	Grabowska"
"Hanna	Tomaszewska"
"Urszula	Kalinowska"
"Scarlett	Maciejewska"
"Krystyna	Kozłowska"
"Dagmara	Szymańska"
"Roksana	Dudek"
"Agnieszka	Zielińska"
"Teresa	Szymańska"
"Dominika	Duda"
"Kinga	Kamińska"
"Dorota	Sawicka"
"Iwona	Czerwińska"
"Weronika	Piotrowska"
"Klaudia	Kamińska"
"Anna	Kalinowska"
"Monika	Kamińska"
"Karolina	Zając"
"Violetta	Zawadzka"
"Krystyna	Michalska"
"Dominika	Kowalska"
"Jadwiga	Wojciechowska"
"Jagoda	Majewska"
"Otylia	Walczak"
"Dagmara	Szymańska"
"Ania	Szczepańska"
"Adrianna	Piotrowska"
"Kinga	Jasińska"
"Lucyna	Duda"
"Luiza	Szczepańska"
"Celina	Pawlak"
"Małgorzata	Jabłońska"
"Renata	Adamczyk"
"Elżbieta	Kozłowska"
"Adrianna	Czerwińska"
"Gosia	Kaczmarek"
"Wioletta	Majewska"
"Paulina	Kamińska"
"Ania	Olszewska"
"Barbara	Majewska"
"Angelika	Nowakowska"
"Marzena	Nowakowska"
"Julita	Zawadzka"
"Kornelia	Zawadzka"
"Marzena	Dudek"
"Natasza	Czarnecka"
"Barbara	Wysocka"
"Gabriela	Kowalczyk"
"Kinga	Olszewska"
"Justyna	Kucharska"
"Jadwiga	Woźniak"
"Julia	Dudek"
"Katarzyna	Zając"
"Wiola	Kaczmarek"
"Irena	Walczak"
"Sylwia	Dudek"
"Dagmara	Nowak"
"Olga	Nowicka"
"Dominika	Nowicka"
"Małgorzata	Ostrowska"
"Anastazja	Górska"
"Dominika	Sawicka"
"Luiza	Kaczmarek"
"Irena	Borkowska"
"Ewelina	Nowak"
"Sandra	Sobczak"
"Otylia	Jasińska"
"Janina	Górska"
"Karolina	Wieczorek"
"Dorota	Kucharska"
"Iwona	Maciejewska"
"Małgorzata	Nowakowska"
"Klaudia	Kowalczyk"
"Łucja	Grabowska"
"Justyna	Sokołowska"
"Małgorzata	Borkowska"
"Tamara	Kowalczyk"
"Agnieszka	Nowakowska"
"Lidia	Maciejewska"
"Luiza	Król"
"Lidia	Kucharska"
"Oliwia	Grabowska"
"Anastazja	Walczak"
"Wiktoria	Majewska"
"Alina	Woźniak"
"Maria	Jasińska"
"Halina	Nowicka"
"Weronika	Kozłowska"
"Danuta	Nowakowska"
"Marcelina	Majewska"
"Weronika	Nowak"
"Joanna	Jabłońska"
"Malina	Nowak"
"Weronika	Kaczmarek"
"Anna	Michalska"
"Ewelina	Kozłowska"
"Małgorzata	Jasińska"
"Otylia	Piotrowska"
"Hanna	Maciejewska"
"Jolanta	Nowak"
"Alicja	Grabowska"
"Dagmara	Górska"
"Ewelina	Adamska"
"Anastazja	Król"
"Krysia	Borkowska"
"Adrianna	Wiśniewska"
"Julia	Tomaszewska"
"Konstancja	Dudek"
"Weronika	Rutkowska"
"Agnieszka	Król"
"Katarzyna	Sawicka"
"Irena	Wieczorek"
"Urszula	Majewska"
"Wiola	Michalska"
"Ewelina	Nowicka"
"Anastazja	Dąbrowska"
"Natalia	Kowalska"
"Gabrysia	Jaworska"
"Hanna	Jabłońska"
"Luiza	Wysocka"
"Renata	Kowalczyk"
"Kornelia	Zielińska"
"Katarzyna	Szczepańska"
"Ewelina	Duda"
"Joanna	Jaworska"
"Małgorzata	Wojciechowska"
"Karolina	Zawadzka"
"Olga	Wysocka"
"Alina	Olszewska"
"Olga	Wysocka"
"Ewelina	Duda"
"Alicja	Woźniak"
"Ewelina	Sawicka"
"Danuta	Wysocka"
"Joanna	Tomaszewska"
"Olga	Kaczmarek"
"Małgorzata	Jasińska"
"Anna	Jaworska"
"Anna	Kamińska"
"Alicja	Zając"
"Anna	Olszewska"
"Natalia	Sobczak"
"Celina	Nowakowska"
"Hanna	Szczepańska"
"Natalia	Kamińska"
"Małgorzata	Czarnecka"
"Luiza	Jasińska"
"Ewelina	Górska"
"Urszula	Chmielewska"
"Wiktoria	Nowak"
"Lucyna	Wysocka"
"Kamila	Maciejewska"
"Karolina	Duda"
"Klaudia	Michalska"
"Anastazja	Grabowska"
"Sandra	Wojciechowska"
"Halina	Wieczorek"
"Ewa	Kucharska"
"Łucja	Sobczak"
"Anna	Kwiatkowska"
"Krystyna	Chmielewska"
"Lucyna	Michalska"
"Irena	Sokołowska"
"Urszula	Kucharska"
"Anna	Adamska"
"Justyna	Wieczorek"
"Adrianna	Majewska"
"Łucja	Nowicka"
"Monika	Kozłowska"
"Wioletta	Nowicka"
"Izabella	Piotrowska"
"Kornelia	Woźniak"
"Alicja	Kozłowska"
"Martyna	Jaworska"
"Dominika	Adamczyk"
"Maria	Kozłowska"
"Adrianna	Górska"
"Karolina	Kucharska"
"Barbara	Kaczmarek"
"Ewa	Ostrowska"
"Adrianna	Jasińska"
"Małgorzata	Ostrowska"
"Irena	Nowak"
"Sandra	Wojciechowska"
"Olga	Wiśniewska"
"Barbara	Zielińska"
"Gabriela	Kowalczyk"
"Patrycja	Nowak"
"Hanna	Rutkowska"
"Hanna	Wysocka"
"Karolina	Duda"
"Karolina	Jaworska"
"Jadwiga	Olszewska"
"Dagmara	Jabłońska"
"Julia	Woźniak"
"Krysia	Dąbrowska"
"Klaudia	Kalinowska"
"Cecylia	Czerwińska"
"Ewelina	Borkowska"
"Dagmara	Górska"
"Julia	Górska"
"Małgorzata	Sawicka"
"Anna	Maciejewska"
"Adrianna	Kaczmarek"
"Zofia	Sokołowska"
"Iwona	Tomaszewska"
"Anastazja	Adamska"
"Jolanta	Kalinowska"
"Julia	Wieczorek"
"Natalia	Grabowska"
"Cecylia	Adamska"
"Dominika	Michalska"
"Anna	Zielińska"
"Ewelina	Michalska"
"Marzena	Piotrowska"
"Dorota	Wysocka"
"Urszula	Zielińska"
"Krysia	Zawadzka"
"Julita	Jabłońska"
"Łucja	Zawadzka"
"Katarzyna	Chmielewska"
"Roksana	Kaczmarek"
"Konstancja	Duda"
"Weronika	Sokołowska"
"Dagmara	Kowalczyk"
"Patrycja	Maciejewska"
"Róża	Jabłońska"
"Karolina	Sokołowska"
"Karolina	Majewska"
"Barbara	Sokołowska"
"Hanna	Zielińska"
"Sandra	Sobczak"
"Natalia	Ostrowska"
"Anna	Czerwińska"
"Paulina	Chmielewska"
"Julita	Nowakowska"
"Adrianna	Kaczmarek"
"Maryla	Tomaszewska"
"Krystyna	Kamińska"
"Roksana	Chmielewska"
"Kamila	Dąbrowska"
"Sandra	Olszewska"
"Natalia	Kozłowska"
"Konstancja	Kowalska"
"Elżbieta	Czarnecka"
"Weronika	Woźniak"
"Jowita	Maciejewska"
"Wiktoria	Wojciechowska"
"Łucja	Wieczorek"
"Irena	Wiśniewska"
"Gabriela	Jaworska"
"Anna	Król"
"Jadwiga	Wiśniewska"
"Alicja	Majewska"
"Hanna	Kowalska"
"Jadwiga	Pawlak"
"Jadwiga	Jaworska"
"Julianna	Borkowska"
"Agnieszka	Piotrowska"
"Alina	Adamczyk"
"Grażyna	Sawicka"
"Łucja	Czerwińska"
"Maria	Król"
"Barbara	Maciejewska"
"Elżbieta	Kaczmarek"
"Karolina	Dudek"
"Ewelina	Dudek"
"Urszula	Wojciechowska"
"Dagmara	Czarnecka"
"Ewelina	Kozłowska"
"Anna	Pawlak"
"Tamara	Rutkowska"
"Kinga	Maciejewska"
"Ewelina	Zielińska"
"Elżbieta	Kwiatkowska"
"Jadwiga	Nowicka"
"Joanna	Pawlak"
"Gabrysia	Rutkowska"
"Janina	Sawicka"
"Grażyna	Szczepańska"
"Anastazja	Nowakowska"
"Lucyna	Sokołowska"
"Jadwiga	Kowalska"
"Anna	Duda"
"Danuta	Jaworska"
"Anna	Kowalska"
"Patrycja	Kaczmarek"
"Ewelina	Kamińska"
"Dagmara	Szymańska"
"Tamara	Jabłońska"
"Lidia	Kamińska"
"Julita	Czarnecka"
"Sandra	Czerwińska"
"Małgorzata	Kwiatkowska"
"Angelika	Duda"
"Julita	Kucharska"
"Monika	Zawadzka"
"Sandra	Jabłońska"
"Krysia	Zawadzka"
"Agnieszka	Zielińska"
"Marcelina	Walczak"
"Zuzanna	Pawlak"
"Małgorzata	Duda"
"Hanna	Zielińska"
"Roksana	Szczepańska"
"Dagmara	Rutkowska"
"Jowita	Tomaszewska"
"Weronika	Kwiatkowska"
"Teresa	Nowakowska"
"Anna	Wysocka"
"Małgorzata	Maciejewska"
"Anastazja	Tomaszewska"
"Teresa	Jasińska"
"Julia	Szymańska"
"Kinga	Walczak"
"Elżbieta	Nowak"
"Olga	Kamińska"
"Urszula	Wieczorek"
"Justyna	Kwiatkowska"
"Zofia	Kalinowska"
"Cecylia	Michalska"
"Barbara	Kozłowska"
"Dagmara	Kamińska"
"Alicja	Kwiatkowska"
"Sandra	Sawicka"
"Lucyna	Kowalczyk"
"Klaudia	Borkowska"
"Barbara	Olszewska"
"Anastazja	Król"
"Karolina	Olszewska"
"Katarzyna	Czerwińska"
"Marzena	Kozłowska"
"Weronika	Sawicka"
"Katarzyna	Jaworska"
"Elżbieta	Olszewska"
"Ewelina	Dudek"
"Róża	Duda"
"Jadwiga	Zielińska"
"Ewa	Kucharska"
"Weronika	Olszewska"
"Weronika	Majewska"
"Violetta	Górska"
"Hanna	Duda"
"Dominika	Jasińska"
"Sylwia	Sokołowska"
"Weronika	Górska"
"Weronika	Król"
"Jowita	Borkowska"
"Dorota	Kalinowska"
"Anna	Jaworska"
"Violetta	Adamska"
"Zofia	Szczepańska"
"Sandra	Kamińska"
"Sandra	Wysocka"
"Ewelina	Michalska"
"Maryla	Szczepańska"
"Marzena	Wiśniewska"
"Cecylia	Sawicka"
"Anna	Tomaszewska"
"Ania	Nowak"
"Krysia	Maciejewska"
"Weronika	Czarnecka"
"Anna	Tomaszewska"
"Wiktoria	Szymańska"
"Anna	Szczepańska"
"Hanna	Jasińska"
"Martyna	Borkowska"
"Urszula	Borkowska"
"Konstancja	Pawłowska"
"Karolina	Dudek"
"Ewa	Kowalczyk"
"Natalia	Sobczak"
"Krysia	Jaworska"
"Małgorzata	Szymańska"
"Klaudia	Maciejewska"
"Klaudia	Majewska"
"Anastazja	Grabowska"
"Małgorzata	Michalska"
"Beata	Rutkowska"
"Violetta	Zawadzka"
"Gosia	Dąbrowska"
"Anna	Chmielewska"
"Gabriela	Wiśniewska"
"Anna	Szczepańska"
"Maryla	Adamczyk"
"Karolina	Kowalska"
"Anna	Chmielewska"
"Lena	Duda"
"Ewa	Grabowska"
"Cecylia	Adamczyk"
"Iwona	Kozłowska"
"Irena	Szymańska"
"Irena	Jasińska"
"Jolanta	Borkowska"
"Katarzyna	Borkowska"
"Anna	Wojciechowska"
"Klaudia	Pawlak"
"Maria	Rutkowska"
"Gabrysia	Czerwińska"
"Karolina	Sokołowska"
"Małgorzata	Wieczorek"
"Malina	Sawicka"
"Małgorzata	Woźniak"
"Anna	Adamska"
"Matylda	Wojciechowska"
"Tamara	Jabłońska"
"Zuzanna	Olszewska"
"Anna	Grabowska"
"Barbara	Duda"
"Martyna	Zając"
"Paulina	Szymańska"
"Małgorzata	Olszewska"
"Weronika	Ostrowska"
"Iwona	Rutkowska"
"Alicja	Woźniak"
"Hanna	Król"
"Gabriela	Zawadzka"
"Alicja	Górska"
"Katarzyna	Michalska"
"Anastazja	Olszewska"
"Sandra	Kalinowska"
"Janina	Ostrowska"
"Gabrysia	Nowicka"
"Urszula	Grabowska"
"Karolina	Borkowska"
"Dagmara	Wojciechowska"
"Cecylia	Zając"
"Zuzanna	Jaworska"
"Karolina	Kwiatkowska"
"Agnieszka	Jasińska"
"Barbara	Czarnecka"
"Jolanta	Maciejewska"
"Sandra	Król"
"Grażyna	Dąbrowska"
"Grażyna	Wieczorek"
"Grażyna	Sawicka"
"Dagmara	Nowak"
"Weronika	Kaczmarek"
"Otylia	Adamska"
"Dominika	Wiśniewska"
"Anna	Sokołowska"
"Grażyna	Tomaszewska"
"Matylda	Zielińska"
"Julia	Szymańska"
"Katarzyna	Wieczorek"
"Katarzyna	Wieczorek"
"Dagmara	Nowakowska"
"Łucja	Chmielewska"
"Julianna	Kozłowska"
"Anna	Wieczorek"
"Sandra	Chmielewska"
"Weronika	Majewska"
"Paulina	Wieczorek"
"Gabriela	Szczepańska"
"Barbara	Sobczak"
"Patrycja	Kowalska"
"Zuzanna	Wieczorek"
"Jagoda	Chmielewska"
"Bożena	Walczak"
"Joanna	Jaworska"
"Lidia	Kowalska"
"Zuzanna	Zielińska"
"Jowita	Adamska"
"Iwona	Górska"
"Łucja	Kozłowska"
"Malina	Sobczak"
"Anna	Czerwińska"
"Kamila	Pawlak"
"Łucja	Kwiatkowska"
"Hanna	Tomaszewska"
"Paulina	Sokołowska"
"Olga	Wojciechowska"
"Kinga	Nowak"
"Matylda	Walczak"
"Zuzanna	Pawłowska"
"Ewa	Sawicka"
"Katarzyna	Woźniak"
"Hanna	Sawicka"
"Zofia	Sokołowska"
"Karolina	Dudek"
"Marzena	Szczepańska"
"Luiza	Ostrowska"
"Kinga	Olszewska"
"Anna	Woźniak"
"Kornelia	Wiśniewska"
"Urszula	Zając"
"Matylda	Nowak"
"Weronika	Wojciechowska"
"Cecylia	Jasińska"
"Zofia	Nowakowska"
"Dagmara	Wieczorek"
"Violetta	Pawłowska"
"Hanna	Pawlak"
"Barbara	Michalska"
"Jowita	Dudek"
"Violetta	Kucharska"
"Wiktoria	Grabowska"
"Sandra	Majewska"
"Małgorzata	Piotrowska"
"Ania	Duda"
"Katarzyna	Olszewska"
"Iwona	Duda"
"Anna	Kamińska"
"Hanna	Zielińska"
"Cecylia	Kwiatkowska"
"Łucja	Jaworska"
"Katarzyna	Jaworska"
"Ewelina	Nowak"
"Elżbieta	Szymańska"
"Joanna	Kowalczyk"
"Krystyna	Górska"
"Patrycja	Szczepańska"
"Dagmara	Czarnecka"
"Iwona	Woźniak"
"Anna	Jaworska"
"Teresa	Szczepańska"
"Alina	Adamczyk"
"Olga	Jaworska"
"Gosia	Kowalska"
"Gabriela	Borkowska"
"Cecylia	Ostrowska"
"Małgorzata	Kowalska"
"Elżbieta	Chmielewska"
"Jagoda	Pawlak"
"Joanna	Sobczak"
"Izabella	Sokołowska"
"Sandra	Wieczorek"
"Weronika	Michalska"
"Hanna	Piotrowska"
"Paulina	Czerwińska"
"Barbara	Rutkowska"
"Anna	Kamińska"
"Adrianna	Czerwińska"
"Martyna	Olszewska"
"Lucyna	Majewska"
"Łucja	Tomaszewska"
"Krystyna	Król"
"Patrycja	Kucharska"
"Roksana	Wiśniewska"
"Anna	Król"
"Joanna	Zielińska"
"Konstancja	Zając"
"Klaudia	Czerwińska"
"Łucja	Dąbrowska"
"Julita	Kowalska"
"Jowita	Sokołowska"
"Hanna	Kamińska"
"Olga	Szymańska"
"Gabriela	Majewska"
"Weronika	Nowicka"
"Dagmara	Jasińska"
"Dorota	Szymańska"
"Barbara	Kozłowska"
"Otylia	Król"
"Malwina	Nowicka"
"Wioletta	Sokołowska"
"Jagoda	Pawlak"
"Renata	Wiśniewska"
"Klaudia	Borkowska"
"Olga	Michalska"
"Jadwiga	Wojciechowska"
"Cecylia	Pawłowska"
"Krystyna	Adamska"
"Małgorzata	Górska"
"Julianna	Nowicka"
"Monika	Majewska"
"Weronika	Kwiatkowska"
"Dagmara	Piotrowska"
"Weronika	Nowakowska"
"Anna	Kozłowska"
"Jolanta	Dudek"
"Dagmara	Zawadzka"
"Weronika	Kowalczyk"
"Anna	Walczak"
"Weronika	Wieczorek"
"Hanna	Kamińska"
"Gosia	Pawlak"
"Hanna	Adamczyk"
"Hanna	Dudek"
"Wiktoria	Czarnecka"
"Matylda	Zielińska"
"Karolina	Olszewska"
"Zofia	Ostrowska"
"Marzena	Zielińska"
"Jagoda	Kalinowska"
"Róża	Grabowska"
"Karolina	Woźniak"
"Iwona	Czarnecka"
"Hanna	Nowicka"
"Izabella	Nowakowska"
"Róża	Górska"
"Monika	Adamczyk"
"Bożena	Kowalczyk"
"Lidia	Maciejewska"
"Dagmara	Nowak"
"Martyna	Duda"
"Anna	Adamska"
"Otylia	Dudek"
"Jolanta	Kowalczyk"
"Kinga	Pawlak"
"Kinga	Nowicka"
"Anna	Olszewska"
"Anna	Kowalska"
"Krystyna	Król"
"Scarlett	Walczak"
"Adrianna	Szczepańska"
"Urszula	Tomaszewska"
"Bożena	Kowalczyk"
"Barbara	Majewska"
"Luiza	Majewska"
"Irena	Michalska"
"Malina	Woźniak"
"Iwona	Kucharska"
"Iwona	Wieczorek"
"Łucja	Jabłońska"
"Cecylia	Dąbrowska"
"Iwona	Zawadzka"
"Natalia	Kozłowska"
"Ewa	Kamińska"
"Tamara	Pawłowska"
"Elżbieta	Wiśniewska"
"Beata	Borkowska"
"Anna	Wojciechowska"
"Celina	Grabowska"
"Łucja	Olszewska"
"Agnieszka	Kaczmarek"
"Teresa	Kwiatkowska"
"Jowita	Kwiatkowska"
"Anna	Szymańska"
"Julia	Zawadzka"
"Janina	Tomaszewska"
"Teresa	Borkowska"
"Anna	Walczak"
"Julia	Pawlak"
"Hanna	Jasińska"
"Lucyna	Chmielewska"
"Jadwiga	Król"
"Zofia	Nowicka"
"Karolina	Walczak"
"Elżbieta	Chmielewska"
"Otylia	Olszewska"
"Klaudia	Jasińska"
"Cecylia	Czerwińska"
"Anastazja	Sawicka"
"Anna	Kwiatkowska"
"Kinga	Wiśniewska"
"Urszula	Piotrowska"
"Elżbieta	Olszewska"
"Renata	Pawlak"
"Karolina	Szczepańska"
"Małgorzata	Dudek"
"Iwona	Wiśniewska"
"Jowita	Kowalska"
"Irena	Kowalska"
"Irena	Tomaszewska"
"Roksana	Duda"
"Julita	Zawadzka"
"Halina	Woźniak"
"Weronika	Ostrowska"
"Karolina	Dąbrowska"
"Weronika	Kaczmarek"
"Anna	Zając"
"Anna	Zając"
"Jolanta	Nowakowska"
"Katarzyna	Dąbrowska"
"Julia	Grabowska"
"Monika	Adamczyk"
"Angelika	Kowalska"
"Renata	Kowalska"
"Karolina	Zielińska"
"Luiza	Sobczak"
"Anna	Maciejewska"
"Justyna	Kucharska"
"Hanna	Nowakowska"
"Kinga	Walczak"
"Konstancja	Majewska"
"Adrianna	Piotrowska"
"Joanna	Maciejewska"
"Łucja	Sobczak"
"Bożena	Nowak"
"Lena	Czarnecka"
"Natalia	Kaczmarek"
"Anna	Jabłońska"
"Alina	Zając"
"Dominika	Kalinowska"
"Krysia	Wiśniewska"
"Lena	Zawadzka"
"Dagmara	Kalinowska"
"Gabriela	Nowicka"
"Dominika	Kalinowska"
"Adrianna	Adamczyk"
"Barbara	Sawicka"
"Marcelina	Kozłowska"
"Elżbieta	Olszewska"
"Matylda	Dudek"
"Krysia	Zielińska"
"Joanna	Nowicka"
"Roksana	Grabowska"
"Urszula	Jabłońska"
"Adrianna	Kozłowska"
"Olga	Kwiatkowska"
"Dorota	Dąbrowska"
"Dominika	Kwiatkowska"
"Anastazja	Czarnecka"
"Łucja	Kowalczyk"
"Anna	Czarnecka"
"Beata	Zając"
"Karolina	Kamińska"
"Hanna	Nowakowska"
"Dagmara	Rutkowska"
"Julianna	Czarnecka"
"Dagmara	Czarnecka"
"Malwina	Kalinowska"
"Barbara	Adamska"
"Grażyna	Duda"
"Anastazja	Górska"
"Joanna	Kamińska"
"Łucja	Zawadzka"
"Ewa	Jasińska"
"Janina	Duda"
"Malwina	Górska"
"Anna	Nowak"
"Anna	Adamczyk"
"Olga	Sokołowska"
"Weronika	Woźniak"
"Anna	Piotrowska"
"Małgorzata	Olszewska"
"Janina	Pawłowska"
"Jolanta	Dudek"
"Anastazja	Kaczmarek"
"Urszula	Kowalska"
"Małgorzata	Dudek"
"Bożena	Grabowska"
"Elżbieta	Szymańska"
"Anna	Adamczyk"
"Iwona	Wojciechowska"
"Ania	Wysocka"
"Maria	Kamińska"
"Dagmara	Szymańska"
"Gosia	Kucharska"
"Joanna	Zawadzka"
"Luiza	Grabowska"
"Iwona	Kaczmarek"
"Łucja	Majewska"
"Urszula	Ostrowska"
"Scarlett	Wysocka"
"Hanna	Jabłońska"
"Joanna	Olszewska"
"Karolina	Pawlak"
"Violetta	Sawicka"
"Celina	Sokołowska"
"Dagmara	Adamska"
"Sandra	Sawicka"
"Urszula	Nowicka"
"Anna	Wojciechowska"
"Paulina	Szczepańska"
"Łucja	Grabowska"
"Grażyna	Kozłowska"
"Krysia	Czarnecka"
"Bożena	Pawlak"
"Klaudia	Rutkowska"
"Dorota	Kowalczyk"
"Maryla	Wieczorek"
"Róża	Czarnecka"
"Julia	Majewska"
"Iwona	Kwiatkowska"
"Barbara	Duda"
"Julita	Sokołowska"
"Sandra	Chmielewska"
"Małgorzata	Szymańska"
"Anastazja	Szczepańska"
"Martyna	Zawadzka"
"Karolina	Grabowska"
"Anna	Nowak"
"Natasza	Kucharska"
"Julia	Zając"
"Jadwiga	Szymańska"
"Luiza	Borkowska"
"Paulina	Adamczyk"
"Patrycja	Czerwińska"
"Maryla	Szymańska"
"Konstancja	Olszewska"
"Łucja	Adamska"
"Anna	Wieczorek"
"Elżbieta	Kowalska"
"Joanna	Grabowska"
"Wiola	Borkowska"
"Anastazja	Zając"
"Weronika	Kaczmarek"
"Ania	Kalinowska"
"Oliwia	Rutkowska"
"Barbara	Majewska"
"Wiktoria	Pawłowska"
"Małgorzata	Zawadzka"
"Anna	Jaworska"
"Urszula	Tomaszewska"
"Ewa	Kamińska"
"Marzena	Czerwińska"
"Weronika	Wiśniewska"
"Marcelina	Czerwińska"
"Kinga	Kalinowska"
"Marzena	Kozłowska"
"Barbara	Wiśniewska"
"Hanna	Tomaszewska"
"Hanna	Czarnecka"
"Zofia	Maciejewska"
"Oliwia	Kwiatkowska"
"Justyna	Dąbrowska"
"Violetta	Nowicka"
"Kornelia	Kalinowska"
"Sandra	Zawadzka"
"Gabrysia	Sobczak"
"Wiktoria	Wojciechowska"
"Klaudia	Wieczorek"
"Ewelina	Nowak"
"Zofia	Rutkowska"
"Zuzanna	Pawłowska"
"Otylia	Sawicka"
"Weronika	Maciejewska"
"Oliwia	Chmielewska"
"Marzena	Nowakowska"
"Halina	Nowak"
"Lucyna	Zawadzka"
"Dagmara	Borkowska"
"Otylia	Nowicka"
"Hanna	Piotrowska"
"Katarzyna	Wojciechowska"
"Cecylia	Nowakowska"
"Jadwiga	Kaczmarek"
"Krysia	Szczepańska"
"Dorota	Kozłowska"
"Krystyna	Ostrowska"
"Weronika	Walczak"
"Weronika	Pawłowska"
"Sandra	Kozłowska"
"Halina	Zielińska"
"Patrycja	Woźniak"
"Ewelina	Zawadzka"
"Katarzyna	Michalska"
"Anna	Wysocka"
"Zofia	Sobczak"
"Gabriela	Adamczyk"
"Irena	Dudek"
"Barbara	Górska"
"Natalia	Piotrowska"
"Ewa	Czarnecka"
"Klaudia	Zielińska"
"Weronika	Grabowska"
"Kinga	Pawlak"
"Klaudia	Tomaszewska"
"Anna	Jabłońska"
"Klaudia	Kaczmarek"
"Weronika	Jabłońska"
"Ewelina	Dąbrowska"
"Katarzyna	Kwiatkowska"
"Julita	Chmielewska"
"Malina	Majewska"
"Matylda	Sobczak"
"Anna	Ostrowska"
"Anna	Walczak"
"Hanna	Kowalska"
"Janina	Nowakowska"
"Olga	Wysocka"
"Karolina	Majewska"
"Joanna	Dudek"
"Jowita	Kaczmarek"
"Bożena	Woźniak"
"Ania	Rutkowska"
"Karolina	Sawicka"
"Dagmara	Kucharska"
"Julia	Kwiatkowska"
"Martyna	Sawicka"
"Wioletta	Wiśniewska"
"Anastazja	Szymańska"
"Sylwia	Nowak"
"Natalia	Nowakowska"
"Dagmara	Olszewska"
"Weronika	Pawłowska"
"Ewelina	Jabłońska"
"Elżbieta	Nowak"
"Urszula	Jasińska"
"Anna	Jaworska"
"Patrycja	Zielińska"
"Olga	Chmielewska"
"Kinga	Nowak"
"Dominika	Kowalczyk"
"Dominika	Olszewska"
"Barbara	Czerwińska"
"Sandra	Adamczyk"
"Olga	Nowak"
"Sylwia	Kamińska"
"Barbara	Pawlak"
"Weronika	Kozłowska"
"Julia	Król"
"Irena	Kozłowska"
"Gabriela	Jaworska"
"Sandra	Kozłowska"
"Barbara	Czerwińska"
"Ewa	Król"
"Karolina	Adamska"
"Urszula	Górska"
"Ewa	Kalinowska"
"Łucja	Michalska"
"Monika	Kozłowska"
"Anastazja	Adamczyk"
"Iwona	Kucharska"
"Hanna	Rutkowska"
"Gabriela	Kalinowska"
"Agnieszka	Kowalska"
"Malwina	Czerwińska"
"Konstancja	Król"
"Weronika	Nowak"
"Oliwia	Kowalczyk"
"Urszula	Borkowska"
"Anna	Tomaszewska"
"Julianna	Górska"
"Jolanta	Maciejewska"
"Ewa	Michalska"
"Patrycja	Majewska"
"Gabrysia	Wysocka"
"Julita	Szczepańska"
"Gabriela	Kamińska"
"Małgorzata	Kowalczyk"
"Elżbieta	Wieczorek"
"Joanna	Walczak"
"Weronika	Majewska"
"Anna	Wieczorek"
"Barbara	Dudek"
"Anna	Kowalczyk"
"Małgorzata	Jasińska"
"Patrycja	Pawlak"
"Hanna	Michalska"
"Patrycja	Jasińska"
"Anna	Sawicka"
"Janina	Zając"
"Roksana	Górska"
"Jowita	Kozłowska"
"Barbara	Woźniak"
"Gabriela	Czarnecka"
"Sylwia	Czarnecka"
"Olga	Chmielewska"
"Ewa	Adamska"
"Alicja	Kwiatkowska"
"Ewelina	Czarnecka"
"Jagoda	Kucharska"
"Jadwiga	Sokołowska"
"Hanna	Pawłowska"
"Gosia	Nowak"
"Matylda	Adamczyk"
"Sandra	Chmielewska"
"Barbara	Ostrowska"
"Anna	Król"
"Anna	Grabowska"
"Karolina	Wysocka"
"Urszula	Nowak"
"Lena	Nowicka"
"Róża	Szymańska"
"Sandra	Czerwińska"
"Olga	Nowak"
"Iwona	Adamska"
"Martyna	Wojciechowska"
"Natasza	Ostrowska"
"Martyna	Michalska"
"Jadwiga	Grabowska"
"Weronika	Kaczmarek"
"Sandra	Dudek"
"Lidia	Walczak"
"Hanna	Kozłowska"
"Barbara	Adamska"
"Wiola	Sobczak"
"Ania	Borkowska"
"Olga	Kamińska"
"Iwona	Wiśniewska"
"Grażyna	Kowalska"
"Zuzanna	Adamczyk"
"Irena	Wysocka"
"Anna	Zawadzka"
"Weronika	Walczak"
"Kornelia	Wojciechowska"
"Gosia	Król"
"Irena	Kaczmarek"
"Alina	Rutkowska"
"Jolanta	Sobczak"
"Justyna	Adamczyk"
"Lucyna	Sokołowska"
"Zofia	Wieczorek"
"Oliwia	Czarnecka"
"Katarzyna	Jaworska"
"Hanna	Zielińska"
"Anna	Maciejewska"
"Ewelina	Adamska"
"Anna	Kozłowska"
"Hanna	Borkowska"
"Alicja	Górska"
"Halina	Olszewska"
"Weronika	Nowicka"
"Patrycja	Szymańska"
"Anastazja	Sokołowska"
"Anna	Walczak"
"Halina	Majewska"
"Janina	Chmielewska"
"Adrianna	Chmielewska"
"Oliwia	Król"
"Anna	Kalinowska"
"Teresa	Sokołowska"
"Celina	Ostrowska"
"Martyna	Jasińska"
"Wiktoria	Tomaszewska"
"Beata	Jaworska"
"Lidia	Czarnecka"
"Anna	Borkowska"
"Natasza	Kamińska"
"Katarzyna	Michalska"
"Barbara	Wojciechowska"
"Sandra	Kowalska"
"Katarzyna	Kozłowska"
"Zuzanna	Kucharska"
"Krysia	Pawłowska"
"Patrycja	Chmielewska"
"Grażyna	Czarnecka"
"Elżbieta	Sawicka"
"Anna	Walczak"
"Weronika	Michalska"
"Róża	Zając"
"Małgorzata	Król"
"Angelika	Olszewska"
"Matylda	Kucharska"
"Katarzyna	Rutkowska"
"Dorota	Sawicka"
"Zuzanna	Adamczyk"
"Zofia	Maciejewska"
"Otylia	Tomaszewska"
"Renata	Chmielewska"
"Julia	Piotrowska"
"Natalia	Kamińska"
"Ewa	Kwiatkowska"
"Klaudia	Adamska"
"Paulina	Borkowska"
"Barbara	Kalinowska"
"Cecylia	Borkowska"
"Weronika	Zając"
"Ewelina	Sokołowska"
"Anastazja	Szymańska"
"Krystyna	Górska"
"Celina	Walczak"
"Lidia	Grabowska"
"Lena	Szczepańska"
"Hanna	Wiśniewska"
"Renata	Jaworska"
"Kinga	Piotrowska"
"Dagmara	Adamczyk"
"Patrycja	Król"
"Elżbieta	Nowak"
"Julita	Kaczmarek"
"Ewelina	Kwiatkowska"
"Anna	Kaczmarek"
"Małgorzata	Michalska"
"Maryla	Wysocka"
"Irena	Tomaszewska"
"Karolina	Pawlak"
"Danuta	Kwiatkowska"
"Olga	Kozłowska"
"Krystyna	Chmielewska"
"Ewelina	Nowak"
"Dominika	Pawlak"
"Agnieszka	Dudek"
"Anastazja	Czarnecka"
"Zuzanna	Ostrowska"
"Kamila	Kowalczyk"
"Urszula	Nowakowska"
"Grażyna	Pawlak"
"Karolina	Górska"
"Hanna	Duda"
"Małgorzata	Kwiatkowska"
"Karolina	Grabowska"
"Anna	Zielińska"
"Dagmara	Wojciechowska"
"Malwina	Nowicka"
"Karolina	Pawłowska"
"Gosia	Kaczmarek"
"Anna	Sobczak"
"Hanna	Michalska"
"Róża	Piotrowska"
"Jadwiga	Grabowska"
"Łucja	Borkowska"
"Jolanta	Kamińska"
"Anna	Wieczorek"
"Malina	Szczepańska"
"Weronika	Sawicka"
"Martyna	Adamczyk"
"Martyna	Zielińska"
"Marzena	Adamska"
"Jowita	Nowak"
"Marzena	Nowicka"
"Natalia	Król"
"Julita	Kwiatkowska"
"Urszula	Nowicka"
"Kinga	Zielińska"
"Wiola	Nowicka"
"Anna	Sawicka"
"Hanna	Pawlak"
"Urszula	Kaczmarek"
"Luiza	Król"
"Anna	Pawlak"
"Alicja	Duda"
"Otylia	Pawlak"
"Iwona	Duda"
"Sylwia	Górska"
"Alina	Kowalczyk"
"Gosia	Sawicka"
"Monika	Zając"
"Barbara	Duda"
"Celina	Wysocka"
"Dagmara	Borkowska"
"Sandra	Tomaszewska"
"Marcelina	Kowalska"
"Patrycja	Zielińska"
"Urszula	Kamińska"
"Olga	Nowakowska"
"Iwona	Dąbrowska"
"Marzena	Grabowska"
"Alina	Majewska"
"Katarzyna	Duda"
"Wiola	Adamczyk"
"Patrycja	Grabowska"
"Bożena	Nowicka"
"Ewelina	Sawicka"
"Barbara	Nowakowska"
"Małgorzata	Czerwińska"
"Krystyna	Kozłowska"
"Małgorzata	Szymańska"
"Hanna	Kamińska"
"Dominika	Zając"
"Anna	Górska"
"Jagoda	Dąbrowska"
"Lidia	Piotrowska"
"Jolanta	Zielińska"
"Karolina	Kamińska"
"Hanna	Górska"
"Krystyna	Czarnecka"
"Ewelina	Zielińska"
"Anna	Kozłowska"
"Alina	Duda"
"Anna	Pawłowska"
"Jolanta	Kowalska"
"Julia	Piotrowska"
"Elżbieta	Piotrowska"
"Zuzanna	Wysocka"
"Ewa	Kalinowska"
"Julita	Wojciechowska"
"Olga	Kowalska"
"Iwona	Tomaszewska"
"Ewelina	Wieczorek"
"Anna	Jasińska"
"Gabrysia	Nowicka"
"Angelika	Adamska"
"Kornelia	Wieczorek"
"Urszula	Sokołowska"
"Hanna	Kwiatkowska"
"Weronika	Pawlak"
"Natasza	Nowak"
"Ewa	Duda"
"Anna	Dudek"
"Gabrysia	Górska"
"Iwona	Woźniak"
"Krystyna	Nowakowska"
"Krystyna	Wysocka"
"Anna	Adamska"
"Beata	Kalinowska"
"Gabriela	Tomaszewska"
"Otylia	Pawlak"
"Anastazja	Kowalczyk"
"Ewa	Kalinowska"
"Konstancja	Duda"
"Weronika	Kowalska"
"Gabriela	Sobczak"
"Dagmara	Wysocka"
"Łucja	Czerwińska"
"Dagmara	Jasińska"
"Joanna	Duda"
"Katarzyna	Tomaszewska"
"Luiza	Walczak"
"Beata	Dąbrowska"
"Patrycja	Wysocka"
"Sandra	Czarnecka"
"Roksana	Sokołowska"
"Dagmara	Wieczorek"
"Dominika	Górska"
"Paulina	Duda"
"Patrycja	Jaworska"
"Ewa	Olszewska"
"Julita	Duda"
"Olga	Król"
"Iwona	Król"
"Barbara	Michalska"
"Julia	Kamińska"
"Malwina	Kwiatkowska"
"Julita	Sokołowska"
"Natalia	Grabowska"
"Maria	Ostrowska"
"Julia	Borkowska"
"Danuta	Pawlak"
"Gosia	Kalinowska"
"Martyna	Wojciechowska"
"Katarzyna	Maciejewska"
"Martyna	Szczepańska"
"Anna	Pawłowska"
"Teresa	Wiśniewska"
"Katarzyna	Adamska"
"Monika	Olszewska"
"Weronika	Nowakowska"
"Elżbieta	Wiśniewska"
"Patrycja	Kamińska"
"Łucja	Pawłowska"
"Anna	Chmielewska"
"Dorota	Walczak"
"Jolanta	Kucharska"
"Elżbieta	Kozłowska"
"Zofia	Nowak"
"Hanna	Nowicka"
"Janina	Ostrowska"
"Natalia	Sawicka"
"Maryla	Kucharska"
"Olga	Dudek"
"Bożena	Borkowska"
"Karolina	Zielińska"
"Anna	Kwiatkowska"
"Ania	Kozłowska"
"Wioletta	Zając"
"Malwina	Wojciechowska"
"Justyna	Chmielewska"
"Zofia	Kalinowska"
"Jagoda	Kwiatkowska"
"Weronika	Jaworska"
"Anna	Zając"
"Iwona	Kucharska"
"Otylia	Wojciechowska"
"Dominika	Olszewska"
"Anna	Sobczak"
"Weronika	Nowakowska"
"Sandra	Czerwińska"
"Krystyna	Zawadzka"
"Anna	Jabłońska"
"Olga	Adamska"
"Danuta	Czerwińska"
"Róża	Piotrowska"
"Ewa	Zawadzka"
"Cecylia	Dąbrowska"
"Angelika	Górska"
"Izabella	Nowak"
"Wiktoria	Borkowska"
"Jowita	Nowak"
"Joanna	Nowakowska"
"Dorota	Król"
"Lidia	Adamska"
"Anastazja	Piotrowska"
"Jadwiga	Zielińska"
"Anastazja	Adamczyk"
"Katarzyna	Czarnecka"
"Dominika	Kowalska"
"Karolina	Pawlak"
"Dorota	Kwiatkowska"
"Urszula	Nowak"
"Katarzyna	Tomaszewska"
"Lucyna	Wojciechowska"
"Beata	Adamczyk"
"Łucja	Kwiatkowska"
"Barbara	Adamska"
"Sylwia	Sokołowska"
"Irena	Kamińska"
"Tamara	Adamska"
"Izabella	Kowalska"
"Martyna	Jasińska"
"Ewa	Sawicka"
"Gosia	Borkowska"
"Julianna	Maciejewska"
"Lena	Dąbrowska"
"Małgorzata	Tomaszewska"
"Sandra	Olszewska"
"Natalia	Kozłowska"
"Gabrysia	Czarnecka"
"Konstancja	Jabłońska"
"Olga	Sobczak"
"Wiola	Jaworska"
"Marcelina	Sokołowska"
"Irena	Wojciechowska"
"Łucja	Duda"
"Karolina	Majewska"
"Ania	Maciejewska"
"Urszula	Grabowska"
"Malwina	Maciejewska"
"Dagmara	Woźniak"
"Małgorzata	Duda"
"Jowita	Michalska"
"Alicja	Kucharska"
"Otylia	Pawłowska"
"Karolina	Wieczorek"
"Joanna	Nowakowska"
"Zofia	Piotrowska"
"Weronika	Sokołowska"
"Wioletta	Chmielewska"
"Grażyna	Dąbrowska"
"Martyna	Adamska"
"Bożena	Król"
"Justyna	Duda"
"Jolanta	Jaworska"
"Joanna	Jasińska"
"Ewelina	Zawadzka"
"Martyna	Rutkowska"
"Martyna	Majewska"
"Natasza	Duda"
"Iwona	Sawicka"
"Dagmara	Rutkowska"
"Karolina	Sawicka"
"Karolina	Sawicka"
"Paulina	Duda"
"Weronika	Nowicka"
"Kornelia	Nowicka"
"Julia	Wojciechowska"
"Hanna	Szymańska"
"Marzena	Maciejewska"
"Justyna	Zielińska"
"Dagmara	Górska"
"Tamara	Borkowska"
"Anna	Duda"
"Karolina	Olszewska"
"Elżbieta	Nowakowska"
"Dagmara	Adamska"
"Dominika	Górska"
"Anna	Kamińska"
"Urszula	Tomaszewska"
"Zuzanna	Rutkowska"
"Iwona	Kowalczyk"
"Alina	Czerwińska"
"Barbara	Sawicka"
"Patrycja	Nowak"
"Iwona	Kamińska"
"Joanna	Chmielewska"
"Karolina	Zielińska"
"Krystyna	Michalska"
"Weronika	Król"
"Ewelina	Adamczyk"
"Kamila	Czerwińska"
"Wiktoria	Walczak"
"Zofia	Sawicka"
"Bożena	Czerwińska"
"Oliwia	Zielińska"
"Elżbieta	Nowak"
"Zofia	Szczepańska"
"Lena	Zając"
"Barbara	Król"
"Danuta	Wysocka"
"Elżbieta	Michalska"
"Jadwiga	Kowalczyk"
"Zofia	Adamczyk"
"Julia	Maciejewska"
"Weronika	Duda"
"Elżbieta	Adamska"
"Dagmara	Kaczmarek"
"Malwina	Sawicka"
"Gabriela	Pawlak"
"Zuzanna	Zając"
"Weronika	Nowak"
"Kinga	Majewska"
"Zofia	Kucharska"
"Sandra	Sokołowska"
"Alicja	Jabłońska"
"Sandra	Ostrowska"
"Ewelina	Nowak"
"Lena	Maciejewska"
"Cecylia	Kaczmarek"
"Dorota	Nowicka"
"Urszula	Kowalska"
"Patrycja	Chmielewska"
"Marcelina	Walczak"
"Lena	Walczak"
"Łucja	Piotrowska"
"Dominika	Szczepańska"
"Krystyna	Ostrowska"
"Anna	Szczepańska"
"Iwona	Szymańska"
"Gabrysia	Olszewska"
"Barbara	Walczak"
"Iwona	Sobczak"
"Monika	Jaworska"
"Monika	Olszewska"
"Celina	Borkowska"
"Sandra	Kowalczyk"
"Julia	Ostrowska"
"Dagmara	Kaczmarek"
"Natalia	Michalska"
"Janina	Kowalska"
"Bożena	Zawadzka"
"Małgorzata	Wysocka"
"Hanna	Olszewska"
"Łucja	Grabowska"
"Marzena	Wiśniewska"
"Lena	Szymańska"
"Hanna	Kamińska"
"Otylia	Szczepańska"
"Krystyna	Nowakowska"
"Ewa	Sobczak"
"Bożena	Kwiatkowska"
"Violetta	Wiśniewska"
"Cecylia	Ostrowska"
"Anna	Pawłowska"
"Maryla	Grabowska"
"Barbara	Kozłowska"
"Dominika	Wiśniewska"
"Katarzyna	Kucharska"
"Ewa	Pawłowska"
"Cecylia	Pawłowska"
"Sandra	Zając"
"Alicja	Kaczmarek"
"Renata	Rutkowska"
"Weronika	Adamczyk"
"Otylia	Kaczmarek"
"Natalia	Kamińska"
"Olga	Chmielewska"
"Dagmara	Maciejewska"
"Zofia	Górska"
"Renata	Rutkowska"
"Malwina	Pawłowska"
"Alicja	Czarnecka"
"Elżbieta	Kowalska"
"Danuta	Kowalska"
"Łucja	Maciejewska"
"Konstancja	Rutkowska"
"Wiola	Olszewska"
"Cecylia	Jabłońska"
"Katarzyna	Dudek"
"Danuta	Wiśniewska"
"Karolina	Kowalczyk"
"Ewa	Sokołowska"
"Lucyna	Duda"
"Joanna	Sobczak"
"Jowita	Woźniak"
"Sandra	Szczepańska"
"Hanna	Maciejewska"
"Anastazja	Czarnecka"
"Urszula	Jabłońska"
"Małgorzata	Kamińska"
"Iwona	Michalska"
"Jadwiga	Nowak"
"Kinga	Nowicka"
"Barbara	Wieczorek"
"Krystyna	Sawicka"
"Otylia	Tomaszewska"
"Anna	Zając"
"Olga	Olszewska"
"Kinga	Adamska"
"Anastazja	Wieczorek"
"Agnieszka	Kowalczyk"
"Justyna	Kwiatkowska"
"Maria	Duda"
"Gosia	Maciejewska"
"Jowita	Piotrowska"
"Justyna	Tomaszewska"
"Hanna	Sobczak"
"Małgorzata	Borkowska"
"Łucja	Chmielewska"
"Anna	Borkowska"
"Ania	Sobczak"
"Anna	Chmielewska"
"Sylwia	Kozłowska"
"Anastazja	Kwiatkowska"
"Maryla	Szymańska"
"Hanna	Majewska"
"Ewa	Adamczyk"
"Anastazja	Wojciechowska"
"Janina	Grabowska"
"Barbara	Kaczmarek"
"Tamara	Czarnecka"
"Sandra	Michalska"
"Matylda	Pawlak"
"Anastazja	Jabłońska"
"Weronika	Kalinowska"
"Anna	Szymańska"
"Otylia	Pawlak"
"Katarzyna	Kwiatkowska"
"Urszula	Chmielewska"
"Zuzanna	Grabowska"
"Anna	Borkowska"
"Jolanta	Michalska"
"Jolanta	Grabowska"
"Lucyna	Wieczorek"
"Kinga	Piotrowska"
"Adrianna	Maciejewska"
"Olga	Wieczorek"
"Irena	Kowalczyk"
"Wiola	Wiśniewska"
"Julia	Michalska"
"Maria	Wojciechowska"
"Lidia	Wysocka"
"Elżbieta	Dąbrowska"
"Anna	Wieczorek"
"Jadwiga	Nowak"
"Justyna	Michalska"
"Maria	Sokołowska"
"Zofia	Kozłowska"
"Sylwia	Kowalczyk"
"Barbara	Pawlak"
"Roksana	Walczak"
"Maryla	Adamska"
"Krystyna	Górska"
"Halina	Jasińska"
"Anastazja	Nowak"
"Barbara	Sokołowska"
"Barbara	Maciejewska"
"Sandra	Kozłowska"
"Martyna	Szymańska"
"Urszula	Czarnecka"
"Agnieszka	Majewska"
"Lena	Pawlak"
"Angelika	Król"
"Anna	Jabłońska"
"Joanna	Rutkowska"
"Anastazja	Kowalska"
"Jowita	Grabowska"
"Anna	Zawadzka"
"Irena	Michalska"
"Anna	Kwiatkowska"
"Patrycja	Nowicka"
"Łucja	Wysocka"
"Anastazja	Kwiatkowska"
"Agnieszka	Dudek"
"Oliwia	Duda"
"Sylwia	Grabowska"
"Hanna	Dąbrowska"
"Izabella	Piotrowska"
"Sylwia	Woźniak"
"Justyna	Tomaszewska"
"Oliwia	Szczepańska"
"Barbara	Olszewska"
"Dorota	Michalska"
"Hanna	Borkowska"
"Dagmara	Jasińska"
"Weronika	Kozłowska"
"Sandra	Nowak"
"Natalia	Szczepańska"
"Dominika	Dąbrowska"
"Karolina	Czerwińska"
"Hanna	Jabłońska"
"Maryla	Zawadzka"
"Jadwiga	Dąbrowska"
"Kinga	Kowalczyk"
"Natasza	Wysocka"
"Olga	Adamczyk"
"Ania	Jaworska"
"Krysia	Kowalczyk"
"Weronika	Piotrowska"
"Anna	Pawłowska"
"Krystyna	Zając"
"Sandra	Pawlak"
"Joanna	Szymańska"
"Zuzanna	Olszewska"
"Barbara	Zawadzka"
"Weronika	Czarnecka"
"Sandra	Szczepańska"
"Krysia	Borkowska"
"Zofia	Tomaszewska"
"Urszula	Rutkowska"
"Zofia	Jasińska"
"Renata	Nowak"
"Anastazja	Maciejewska"
"Anna	Sobczak"
"Ewelina	Kucharska"
"Alina	Dudek"
"Anna	Duda"
"Olga	Wiśniewska"
"Teresa	Piotrowska"
"Ewelina	Olszewska"
"Anna	Zielińska"
"Karolina	Górska"
"Anna	Ostrowska"
"Anastazja	Chmielewska"
"Adrianna	Jabłońska"
"Cecylia	Olszewska"
"Jadwiga	Zając"
"Julita	Walczak"
"Zofia	Górska"
"Małgorzata	Olszewska"
"Olga	Sobczak"
"Lucyna	Sawicka"
"Kinga	Pawlak"
"Iwona	Zawadzka"
"Hanna	Adamczyk"
"Sandra	Olszewska"
"Anna	Grabowska"
"Anastazja	Pawlak"
"Beata	Wiśniewska"
"Weronika	Sokołowska"
"Danuta	Ostrowska"
"Urszula	Nowakowska"
"Marzena	Jabłońska"
"Natalia	Sokołowska"
"Luiza	Wojciechowska"
"Dagmara	Sawicka"
"Anastazja	Czerwińska"
"Angelika	Wysocka"
"Ewelina	Nowak"
"Ewelina	Górska"
"Barbara	Czarnecka"
"Iwona	Maciejewska"
"Marzena	Górska"
"Sylwia	Czerwińska"
"Marcelina	Adamczyk"
"Sandra	Zielińska"
"Róża	Rutkowska"
"Grażyna	Maciejewska"
"Anastazja	Michalska"
"Martyna	Dąbrowska"
"Halina	Czarnecka"
"Łucja	Olszewska"
"Bożena	Nowicka"
"Cecylia	Sobczak"
"Weronika	Piotrowska"
"Julia	Nowak"
"Konstancja	Kowalczyk"
"Tamara	Maciejewska"
"Scarlett	Grabowska"
"Kinga	Nowakowska"
"Teresa	Zawadzka"
"Angelika	Zawadzka"
"Tamara	Nowak"
"Małgorzata	Kowalska"
"Teresa	Sokołowska"
"Dagmara	Jabłońska"
"Joanna	Wojciechowska"
"Violetta	Pawlak"
"Justyna	Jasińska"
"Grażyna	Kucharska"
"Zuzanna	Grabowska"
"Otylia	Majewska"
"Anna	Rutkowska"
"Krysia	Adamczyk"
"Zuzanna	Wojciechowska"
"Jadwiga	Czarnecka"
"Sandra	Zawadzka"
"Lena	Czerwińska"
"Anna	Dudek"
"Grażyna	Górska"
"Sandra	Majewska"
"Irena	Adamczyk"
"Martyna	Król"
"Barbara	Dudek"
"Małgorzata	Czarnecka"
"Patrycja	Kucharska"
"Barbara	Piotrowska"
"Jolanta	Zając"
"Anna	Zając"
"Dominika	Szczepańska"
"Celina	Kaczmarek"
"Krystyna	Król"
"Otylia	Walczak"
"Gabriela	Jabłońska"
"Katarzyna	Maciejewska"
"Monika	Adamczyk"
"Janina	Tomaszewska"
"Celina	Kamińska"
"Danuta	Sobczak"
"Cecylia	Walczak"
"Joanna	Czarnecka"
"Otylia	Ostrowska"
"Małgorzata	Majewska"
"Roksana	Jaworska"
"Katarzyna	Adamczyk"
"Patrycja	Adamczyk"
"Róża	Szymańska"
"Natalia	Kozłowska"
"Cecylia	Kalinowska"
"Urszula	Olszewska"
"Cecylia	Górska"
"Hanna	Adamczyk"
"Dominika	Ostrowska"
"Anna	Zawadzka"
"Scarlett	Dudek"
"Kinga	Nowakowska"
"Anastazja	Sokołowska"
"Katarzyna	Dudek"
"Kamila	Rutkowska"
"Dagmara	Kozłowska"
"Zofia	Grabowska"
"Anna	Czerwińska"
"Patrycja	Nowak"
"Matylda	Zawadzka"
"Lucyna	Kaczmarek"
"Anna	Zielińska"
"Renata	Borkowska"
"Dagmara	Kwiatkowska"
"Julita	Kalinowska"
"Maria	Górska"
"Maria	Pawłowska"
"Hanna	Jaworska"
"Agnieszka	Dąbrowska"
"Anna	Szczepańska"
"Dominika	Duda"
"Karolina	Czarnecka"
"Jowita	Wojciechowska"
"Scarlett	Adamczyk"
"Barbara	Nowicka"
"Zofia	Adamczyk"
"Dominika	Szymańska"
"Iwona	Borkowska"
"Anna	Jabłońska"
"Wiktoria	Nowakowska"
"Barbara	Majewska"
"Anastazja	Dudek"
"Maria	Szymańska"
"Urszula	Górska"
"Patrycja	Pawłowska"
"Julia	Dudek"
"Marzena	Majewska"
"Wioletta	Walczak"
"Alicja	Król"
"Beata	Kamińska"
"Jadwiga	Dudek"
"Ewelina	Wiśniewska"
"Justyna	Szymańska"
"Cecylia	Zielińska"
"Dagmara	Pawłowska"
"Weronika	Jaworska"
"Sandra	Adamczyk"
"Urszula	Majewska"
"Matylda	Kamińska"
"Sandra	Dąbrowska"
"Otylia	Duda"
"Anna	Borkowska"
"Karolina	Szczepańska"
"Jadwiga	Michalska"
"Justyna	Górska"
"Anastazja	Wiśniewska"
"Marcelina	Szymańska"
"Monika	Dąbrowska"
"Weronika	Szymańska"
"Maryla	Zielińska"
"Irena	Jasińska"
"Maryla	Ostrowska"
"Martyna	Walczak"
"Olga	Czerwińska"
"Patrycja	Kamińska"
"Weronika	Szczepańska"
"Róża	Zielińska"
"Karolina	Adamczyk"
"Ewa	Kwiatkowska"
"Lidia	Kowalska"
"Anastazja	Kamińska"
"Wioletta	Wojciechowska"
"Anastazja	Górska"
"Elżbieta	Kamińska"
"Ewelina	Pawlak"
"Dominika	Olszewska"
"Iwona	Kaczmarek"
"Kinga	Rutkowska"
"Jadwiga	Zawadzka"
"Katarzyna	Woźniak"
"Irena	Kucharska"
"Izabella	Dudek"
"Sandra	Wieczorek"
"Katarzyna	Pawłowska"
"Sandra	Zawadzka"
"Karolina	Jasińska"
"Violetta	Michalska"
"Malina	Czerwińska"
"Urszula	Rutkowska"
"Lena	Kowalska"
"Anastazja	Nowicka"
"Barbara	Adamska"
"Anna	Kalinowska"
"Róża	Duda"
"Jowita	Chmielewska"
"Anna	Górska"
"Patrycja	Wiśniewska"
"Barbara	Zawadzka"
"Zofia	Wiśniewska"
"Renata	Duda"
"Sandra	Sawicka"
"Dagmara	Nowak"
"Katarzyna	Zając"
"Scarlett	Nowak"
"Łucja	Woźniak"
"Violetta	Wojciechowska"
"Teresa	Król"
"Adrianna	Czerwińska"
"Wiktoria	Wiśniewska"
"Natalia	Tomaszewska"
"Urszula	Kwiatkowska"
"Gabrysia	Górska"
"Anna	Woźniak"
"Teresa	Olszewska"
"Agnieszka	Pawlak"
"Patrycja	Zając"
"Sylwia	Szymańska"
"Karolina	Grabowska"
"Sylwia	Adamska"
"Anna	Ostrowska"
"Sandra	Szczepańska"
"Anna	Piotrowska"
"Malina	Ostrowska"
"Zofia	Kwiatkowska"
"Anna	Jaworska"
"Matylda	Wojciechowska"
"Halina	Szymańska"
"Alicja	Nowakowska"
"Małgorzata	Piotrowska"
"Violetta	Szczepańska"
"Małgorzata	Jaworska"
"Dagmara	Duda"
"Urszula	Maciejewska"
"Cecylia	Król"
"Ewa	Nowakowska"
"Dominika	Adamska"
"Hanna	Zawadzka"
"Renata	Woźniak"
"Maria	Rutkowska"
"Dorota	Zawadzka"
"Iwona	Czerwińska"
"Julita	Zawadzka"
"Łucja	Szymańska"
"Ania	Rutkowska"
"Weronika	Kozłowska"
"Klaudia	Jaworska"
"Wiktoria	Tomaszewska"
"Anna	Kwiatkowska"
"Teresa	Kowalska"
"Jadwiga	Nowicka"
"Ewa	Majewska"
"Malwina	Zielińska"
"Hanna	Ostrowska"
"Alina	Duda"
"Wioletta	Kalinowska"
"Natalia	Grabowska"
"Barbara	Kalinowska"
"Urszula	Walczak"
"Marcelina	Nowakowska"
"Zofia	Woźniak"
"Gosia	Kozłowska"
"Julia	Maciejewska"
"Anna	Duda"
"Katarzyna	Zielińska"
"Ewa	Maciejewska"
"Jadwiga	Jaworska"
"Kamila	Majewska"
"Karolina	Dąbrowska"
"Dorota	Nowak"
"Maria	Kamińska"
"Karolina	Zawadzka"
"Anna	Czarnecka"
"Kamila	Szymańska"
"Joanna	Kaczmarek"
"Wioletta	Kwiatkowska"
"Gabriela	Pawłowska"
"Lidia	Zawadzka"
"Anna	Kamińska"
"Urszula	Nowicka"
"Dagmara	Chmielewska"
"Róża	Borkowska"
"Karolina	Majewska"
"Wiola	Jabłońska"
"Klaudia	Borkowska"
"Anna	Michalska"
"Jadwiga	Kaczmarek"
"Anna	Czerwińska"
"Irena	Ostrowska"
"Anastazja	Duda"
"Barbara	Nowakowska"
"Olga	Kamińska"
"Anastazja	Jasińska"
"Otylia	Borkowska"
"Anna	Zielińska"
"Natalia	Czarnecka"
"Anna	Chmielewska"
"Zofia	Zawadzka"
"Jolanta	Adamczyk"
"Dagmara	Kamińska"
"Anastazja	Zając"
"Zofia	Wieczorek"
"Alicja	Król"
"Scarlett	Dudek"
"Natalia	Olszewska"
"Natasza	Nowicka"
"Ewelina	Zając"
"Angelika	Kucharska"
"Malwina	Szczepańska"
"Dominika	Górska"
"Lidia	Kaczmarek"
"Urszula	Dudek"
"Kornelia	Szymańska"
"Kornelia	Majewska"
"Renata	Kwiatkowska"
"Patrycja	Grabowska"
"Joanna	Nowak"
"Kornelia	Chmielewska"
"Katarzyna	Ostrowska"
"Kinga	Sokołowska"
"Anna	Jasińska"
"Adrianna	Michalska"
"Katarzyna	Czarnecka"
"Irena	Szymańska"
"Anna	Majewska"
"Marzena	Wojciechowska"
"Julia	Kowalczyk"
"Elżbieta	Wiśniewska"
"Barbara	Wiśniewska"
"Anna	Kowalczyk"
"Monika	Kalinowska"
"Dominika	Chmielewska"
"Lucyna	Król"
"Jadwiga	Zając"
"Irena	Sokołowska"
"Cecylia	Kalinowska"
"Sylwia	Woźniak"
"Ewa	Czerwińska"
"Maria	Pawlak"
"Zofia	Tomaszewska"
"Dorota	Czarnecka"
"Weronika	Kucharska"
"Zofia	Wiśniewska"
"Kamila	Sawicka"
"Maryla	Kamińska"
"Ewelina	Chmielewska"
"Katarzyna	Czerwińska"
"Ania	Dąbrowska"
"Anastazja	Jaworska"
"Sandra	Woźniak"
"Ania	Kalinowska"
"Jadwiga	Ostrowska"
"Zuzanna	Tomaszewska"
"Julita	Kalinowska"
"Dagmara	Dąbrowska"
"Angelika	Duda"
"Jolanta	Kalinowska"
"Roksana	Zawadzka"
"Renata	Sobczak"
"Julia	Zając"
"Krystyna	Michalska"
"Cecylia	Nowak"
"Julia	Król"
"Julia	Szymańska"
"Beata	Kamińska"
"Weronika	Szymańska"
"Gabriela	Kamińska"
"Krystyna	Jabłońska"
"Dominika	Zawadzka"
"Bożena	Pawlak"
"Sandra	Nowicka"
"Marcelina	Czerwińska"
"Barbara	Czerwińska"
"Roksana	Michalska"
"Luiza	Sokołowska"
"Matylda	Wieczorek"
"Monika	Woźniak"
"Anna	Czerwińska"
"Bożena	Kucharska"
"Barbara	Rutkowska"
"Violetta	Szczepańska"
"Dorota	Majewska"
"Ewelina	Czerwińska"
"Jadwiga	Piotrowska"
"Lucyna	Tomaszewska"
"Oliwia	Zawadzka"
"Joanna	Czarnecka"
"Anna	Kowalczyk"
"Sylwia	Wysocka"
"Jowita	Jabłońska"
"Krystyna	Czarnecka"
"Marzena	Jabłońska"
"Urszula	Rutkowska"
"Anna	Borkowska"
"Halina	Kowalczyk"
"Dagmara	Borkowska"
"Beata	Kamińska"
"Małgorzata	Grabowska"
"Lidia	Adamczyk"
"Julita	Pawłowska"
"Jadwiga	Kucharska"
"Paulina	Majewska"
"Oliwia	Pawlak"
"Kornelia	Tomaszewska"
"Cecylia	Szymańska"
"Krystyna	Kozłowska"
"Anna	Nowicka"
"Katarzyna	Szymańska"
"Karolina	Jasińska"
"Angelika	Nowicka"
"Wiktoria	Duda"
"Krysia	Rutkowska"
"Anna	Adamska"
"Wiktoria	Rutkowska"
"Irena	Kwiatkowska"
"Cecylia	Woźniak"
"Jagoda	Wieczorek"
"Weronika	Duda"
"Anna	Sawicka"
"Anna	Pawłowska"
"Krystyna	Borkowska"
"Roksana	Rutkowska"
"Krystyna	Olszewska"
"Kamila	Nowak"
"Tamara	Kozłowska"
"Zuzanna	Walczak"
"Anna	Pawlak"
"Sandra	Górska"
"Anna	Wieczorek"
"Agnieszka	Czerwińska"
"Hanna	Zawadzka"
"Barbara	Adamska"
"Sandra	Król"
"Patrycja	Górska"
"Luiza	Kowalczyk"
"Gabrysia	Górska"
"Anna	Woźniak"
"Scarlett	Sokołowska"
"Violetta	Kalinowska"
"Julia	Król"
"Angelika	Nowakowska"
"Weronika	Czarnecka"
"Krystyna	Olszewska"
"Julianna	Czarnecka"
"Dorota	Adamska"
"Jowita	Jasińska"
"Olga	Król"
"Alicja	Olszewska"
"Adrianna	Kalinowska"
"Zofia	Szymańska"
"Łucja	Nowicka"
"Angelika	Górska"
"Alicja	Czarnecka"
"Urszula	Król"
"Weronika	Olszewska"
"Barbara	Wiśniewska"
"Karolina	Kamińska"
"Gabrysia	Adamska"
"Danuta	Adamska"
"Lena	Pawłowska"
"Halina	Wieczorek"
"Anna	Piotrowska"
"Adrianna	Wojciechowska"
"Jolanta	Olszewska"
"Hanna	Kaczmarek"
"Janina	Kaczmarek"
"Cecylia	Wiśniewska"
"Anna	Kowalska"
"Karolina	Jabłońska"
"Ewelina	Czerwińska"
"Ewelina	Kalinowska"
"Malwina	Borkowska"
"Maryla	Olszewska"
"Krystyna	Kowalczyk"
"Anastazja	Kamińska"
"Sylwia	Kwiatkowska"
"Hanna	Adamska"
"Adrianna	Kamińska"
"Karolina	Zając"
"Kornelia	Jabłońska"
"Patrycja	Zając"
"Paulina	Chmielewska"
"Anastazja	Tomaszewska"
"Wiola	Sobczak"
"Marcelina	Adamska"
"Karolina	Wiśniewska"
"Małgorzata	Chmielewska"
"Marzena	Borkowska"
"Anna	Dudek"
"Urszula	Kucharska"
"Barbara	Olszewska"
"Cecylia	Michalska"
"Anna	Adamska"
"Weronika	Ostrowska"
"Urszula	Michalska"
"Hanna	Nowak"
"Anna	Woźniak"
"Jowita	Chmielewska"
"Irena	Jaworska"
"Grażyna	Adamczyk"
"Julita	Szczepańska"
"Małgorzata	Nowakowska"
"Agnieszka	Zając"
"Anna	Nowicka"
"Anna	Majewska"
"Adrianna	Zając"
"Anna	Jasińska"
"Konstancja	Pawlak"
"Malina	Michalska"
"Anna	Wiśniewska"
"Monika	Kozłowska"
"Patrycja	Jasińska"
"Halina	Ostrowska"
"Alicja	Zielińska"
"Sylwia	Jasińska"
"Sandra	Czarnecka"
"Jagoda	Górska"
"Hanna	Nowakowska"
"Scarlett	Wysocka"
"Jowita	Chmielewska"
"Natasza	Górska"
"Angelika	Duda"
"Jagoda	Kaczmarek"
"Maria	Majewska"
"Bożena	Kaczmarek"
"Gabriela	Król"
"Matylda	Zawadzka"
"Sandra	Czerwińska"
"Dagmara	Kowalczyk"
"Lena	Czarnecka"
"Dorota	Szymańska"
"Marcelina	Grabowska"
"Joanna	Pawłowska"
"Sandra	Nowakowska"
"Ewa	Sokołowska"
"Patrycja	Górska"
"Jowita	Czarnecka"
"Ewelina	Wieczorek"
"Adrianna	Rutkowska"
"Ewelina	Jasińska"
"Dagmara	Pawlak"
"Janina	Majewska"
"Paulina	Piotrowska"
"Izabella	Borkowska"
"Urszula	Szymańska"
"Łucja	Wiśniewska"
"Cecylia	Tomaszewska"
"Katarzyna	Kowalczyk"
"Natasza	Kowalska"
"Lidia	Kamińska"
"Anna	Szymańska"
"Karolina	Jabłońska"
"Dominika	Zając"
"Elżbieta	Dąbrowska"
"Beata	Grabowska"
"Halina	Pawlak"
"Anna	Kucharska"
"Natasza	Kwiatkowska"
"Grażyna	Czerwińska"
"Gosia	Piotrowska"
"Urszula	Czarnecka"
"Hanna	Zając"
"Weronika	Maciejewska"
"Natalia	Dąbrowska"
"Grażyna	Pawlak"
"Izabella	Kucharska"
"Anna	Nowak"
"Malwina	Zając"
"Zofia	Zielińska"
"Dagmara	Adamska"
"Urszula	Woźniak"
"Weronika	Duda"
"Anna	Wysocka"
"Agnieszka	Sokołowska"
"Dagmara	Król"
"Weronika	Zielińska"
"Dagmara	Kucharska"
"Irena	Jabłońska"
"Kamila	Nowicka"
"Gabrysia	Kalinowska"
"Natalia	Kaczmarek"
"Dorota	Wojciechowska"
"Julianna	Zawadzka"
"Dominika	Kalinowska"
"Izabella	Zielińska"
"Wioletta	Nowakowska"
"Dominika	Walczak"
"Violetta	Michalska"
"Roksana	Adamczyk"
"Urszula	Borkowska"
"Danuta	Maciejewska"
"Olga	Górska"
"Gosia	Kamińska"
"Grażyna	Olszewska"
"Grażyna	Nowak"
"Ania	Czerwińska"
"Klaudia	Król"
"Renata	Czerwińska"
"Urszula	Wiśniewska"
"Paulina	Nowak"
"Jolanta	Kowalczyk"
"Małgorzata	Kowalczyk"
"Zuzanna	Wojciechowska"
"Julianna	Kozłowska"
"Ewelina	Wiśniewska"
"Iwona	Kowalska"
"Karolina	Dąbrowska"
"Lidia	Walczak"
"Urszula	Walczak"
"Janina	Kalinowska"
"Anna	Kalinowska"
"Natalia	Rutkowska"
"Maryla	Tomaszewska"
"Ewelina	Nowakowska"
"Natalia	Kozłowska"
"Otylia	Piotrowska"
"Grażyna	Sawicka"
"Urszula	Sawicka"
"Jadwiga	Wysocka"
"Hanna	Czerwińska"
"Krystyna	Tomaszewska"
"Anna	Tomaszewska"
"Matylda	Walczak"
"Konstancja	Górska"
"Janina	Jaworska"
"Matylda	Kowalska"
"Sandra	Tomaszewska"
"Oliwia	Dudek"
"Elżbieta	Dudek"
"Krystyna	Kucharska"
"Irena	Sawicka"
"Dominika	Szymańska"
"Weronika	Kalinowska"
"Monika	Górska"
"Luiza	Zawadzka"
"Kamila	Olszewska"
"Ewelina	Duda"
"Kinga	Pawłowska"
"Violetta	Wiśniewska"
"Małgorzata	Woźniak"
"Dominika	Woźniak"
"Anastazja	Kucharska"
"Karolina	Górska"
"Gabriela	Czarnecka"
"Oliwia	Sokołowska"
"Ewa	Dudek"
"Weronika	Sawicka"
"Jagoda	Duda"
"Wiola	Chmielewska"
"Zofia	Kowalska"
"Małgorzata	Sawicka"
"Konstancja	Nowak"
"Julia	Kalinowska"
"Anna	Szczepańska"
"Anna	Rutkowska"
"Konstancja	Kowalska"
"Janina	Adamska"
"Zuzanna	Pawlak"
"Barbara	Olszewska"
"Karolina	Rutkowska"
"Oliwia	Chmielewska"
"Karolina	Majewska"
"Zofia	Chmielewska"
"Sandra	Wieczorek"
"Violetta	Nowak"
"Jowita	Nowak"
"Krystyna	Czerwińska"
"Julianna	Kamińska"
"Olga	Dudek"
"Gabrysia	Jabłońska"
"Irena	Nowak"
"Katarzyna	Zając"
"Krystyna	Wojciechowska"
"Karolina	Czerwińska"
"Joanna	Wysocka"
"Natasza	Jaworska"
"Halina	Chmielewska"
"Dagmara	Szczepańska"
"Jadwiga	Wojciechowska"
"Natasza	Zielińska"
"Łucja	Kamińska"
"Marcelina	Jabłońska"
"Patrycja	Kowalczyk"
"Konstancja	Tomaszewska"
"Scarlett	Jaworska"
"Gabriela	Kaczmarek"
"Katarzyna	Kamińska"
"Jolanta	Adamczyk"
"Weronika	Pawlak"
"Joanna	Majewska"
"Paulina	Górska"
"Dagmara	Szymańska"
"Karolina	Czerwińska"
"Alicja	Czarnecka"
"Karolina	Majewska"
"Barbara	Michalska"
"Kornelia	Czarnecka"
"Anna	Król"
"Natalia	Walczak"
"Barbara	Borkowska"
"Kamila	Nowicka"
"Grażyna	Borkowska"
"Sandra	Borkowska"
"Teresa	Borkowska"
"Olga	Duda"
"Ewa	Jaworska"
"Jolanta	Olszewska"
"Gabrysia	Kozłowska"
"Beata	Nowakowska"
"Karolina	Kamińska"
"Małgorzata	Walczak"
"Marzena	Kucharska"
"Urszula	Kwiatkowska"
"Ania	Czarnecka"
"Gosia	Walczak"
"Anna	Pawłowska"
"Urszula	Ostrowska"
"Anna	Jabłońska"
"Justyna	Górska"
"Sandra	Rutkowska"
"Alicja	Sobczak"
"Barbara	Czerwińska"
"Monika	Piotrowska"
"Hanna	Kowalska"
"Karolina	Chmielewska"
"Sylwia	Kwiatkowska"
"Dagmara	Kamińska"
"Hanna	Kwiatkowska"
"Luiza	Rutkowska"
"Hanna	Nowicka"
"Małgorzata	Czarnecka"
"Irena	Wysocka"
"Natalia	Pawlak"
"Sandra	Wojciechowska"
"Natalia	Grabowska"
"Julianna	Górska"
"Łucja	Zielińska"
"Anastazja	Jasińska"
"Łucja	Walczak"
"Violetta	Borkowska"
"Anna	Michalska"
"Krystyna	Kwiatkowska"
"Cecylia	Kowalczyk"
"Ania	Olszewska"
"Luiza	Kowalska"
"Lena	Kwiatkowska"
"Violetta	Pawłowska"
"Weronika	Dąbrowska"
"Anna	Szczepańska"
"Wiktoria	Kaczmarek"
"Kinga	Dudek"
"Małgorzata	Ostrowska"
"Agnieszka	Kucharska"
"Wioletta	Nowakowska"
"Krystyna	Wieczorek"
"Grażyna	Zielińska"
"Anna	Czerwińska"
"Jadwiga	Sokołowska"
"Ewa	Zając"
"Scarlett	Dudek"
"Malwina	Wiśniewska"
"Ania	Olszewska"
"Kinga	Nowak"
"Jowita	Kalinowska"
"Urszula	Kaczmarek"
"Anna	Tomaszewska"
"Krysia	Kamińska"
"Anastazja	Borkowska"
"Renata	Nowicka"
"Celina	Ostrowska"
"Anastazja	Jasińska"
"Ewelina	Pawlak"
"Maria	Kucharska"
"Anna	Wieczorek"
"Katarzyna	Dudek"
"Lena	Chmielewska"
"Hanna	Grabowska"
"Sandra	Kalinowska"
"Kinga	Kozłowska"
"Róża	Jabłońska"
"Bożena	Zając"
"Katarzyna	Jaworska"
"Hanna	Nowicka"
"Julianna	Walczak"
"Jadwiga	Wysocka"
"Łucja	Olszewska"
"Malwina	Wiśniewska"
"Zuzanna	Adamczyk"
"Sandra	Walczak"
"Kamila	Grabowska"
"Gabrysia	Nowicka"
"Irena	Kowalczyk"
"Krystyna	Michalska"
"Julia	Nowakowska"
"Danuta	Majewska"
"Paulina	Nowak"
"Hanna	Duda"
"Jadwiga	Kucharska"
"Sandra	Adamska"
"Olga	Nowicka"
"Joanna	Czarnecka"
"Kornelia	Wysocka"
"Barbara	Wojciechowska"
"Jowita	Rutkowska"
"Marcelina	Kowalczyk"
"Urszula	Nowak"
"Hanna	Tomaszewska"
"Wiktoria	Borkowska"
"Hanna	Jabłońska"
"Alicja	Duda"
"Weronika	Kowalczyk"
"Jadwiga	Zawadzka"
"Marzena	Kucharska"
"Krysia	Adamska"
"Jagoda	Szczepańska"
"Urszula	Czarnecka"
"Jagoda	Kowalczyk"
"Wiola	Kamińska"
"Anna	Kwiatkowska"
"Sylwia	Czarnecka"
"Barbara	Czerwińska"
"Ania	Wysocka"
"Cecylia	Górska"
"Justyna	Kozłowska"
"Hanna	Szczepańska"
"Barbara	Kalinowska"
"Konstancja	Kalinowska"
"Angelika	Pawłowska"
"Gosia	Pawłowska"
"Anastazja	Olszewska"
"Olga	Górska"
"Monika	Chmielewska"
"Sandra	Nowakowska"
"Małgorzata	Kowalczyk"
"Jolanta	Nowicka"
"Bożena	Zielińska"
"Patrycja	Olszewska"
"Sandra	Szymańska"
"Alina	Tomaszewska"
"Dagmara	Kalinowska"
"Anna	Ostrowska"
"Tamara	Nowicka"
"Ewa	Kwiatkowska"
"Janina	Kamińska"
"Weronika	Borkowska"
"Urszula	Wojciechowska"
"Bożena	Pawlak"
"Krystyna	Piotrowska"
"Weronika	Sokołowska"
"Hanna	Nowakowska"
"Anastazja	Szczepańska"
"Krystyna	Ostrowska"
"Barbara	Borkowska"
"Anna	Grabowska"
"Łucja	Jasińska"
"Lena	Chmielewska"
"Monika	Woźniak"
"Ewelina	Kalinowska"
"Ewa	Wysocka"
"Anastazja	Piotrowska"
"Bożena	Jabłońska"
"Weronika	Nowicka"
"Ewa	Sawicka"
"Grażyna	Kowalczyk"
"Jolanta	Walczak"
"Cecylia	Walczak"
"Angelika	Kowalska"
"Anna	Maciejewska"
"Katarzyna	Sawicka"
"Joanna	Ostrowska"
"Monika	Kowalska"
"Wiktoria	Zielińska"
"Maryla	Kwiatkowska"
"Krystyna	Pawłowska"
"Julia	Jabłońska"
"Olga	Grabowska"
"Anastazja	Dąbrowska"
"Anna	Adamczyk"
"Alicja	Czarnecka"
"Weronika	Kamińska"
"Natalia	Czerwińska"
"Natalia	Kowalczyk"
"Beata	Kamińska"
"Grażyna	Tomaszewska"
"Dagmara	Król"
"Ewelina	Szymańska"
"Roksana	Nowakowska"
"Lucyna	Zając"
"Weronika	Adamczyk"
"Urszula	Kowalska"
"Adrianna	Wieczorek"
"Katarzyna	Jaworska"
"Olga	Wysocka"
"Malwina	Duda"
"Adrianna	Woźniak"
"Sandra	Czerwińska"
"Marzena	Piotrowska"
"Hanna	Kowalska"
"Patrycja	Majewska"
"Grażyna	Nowak"
"Zuzanna	Zawadzka"
"Julianna	Michalska"
"Ewelina	Woźniak"
"Gabrysia	Nowak"
"Dominika	Król"
"Anna	Górska"
"Danuta	Kalinowska"
"Olga	Pawlak"
"Łucja	Zielińska"
"Barbara	Wojciechowska"
"Otylia	Nowak"
"Lucyna	Chmielewska"
"Adrianna	Kaczmarek"
"Barbara	Kaczmarek"
"Weronika	Czerwińska"
"Kinga	Pawłowska"
"Joanna	Dudek"
"Krystyna	Zając"
"Wiktoria	Nowak"
"Ewa	Wieczorek"
"Jolanta	Kozłowska"
"Justyna	Chmielewska"
"Iwona	Kowalska"
"Dagmara	Rutkowska"
"Zofia	Kamińska"
"Marcelina	Sokołowska"
"Anna	Rutkowska"
"Sandra	Rutkowska"
"Natalia	Tomaszewska"
"Gosia	Dudek"
"Cecylia	Czerwińska"
"Anna	Jasińska"
"Kamila	Wojciechowska"
"Beata	Czarnecka"
"Hanna	Jabłońska"
"Alicja	Kaczmarek"
"Matylda	Czarnecka"
"Martyna	Kucharska"
"Julita	Czerwińska"
"Barbara	Czerwińska"
"Róża	Tomaszewska"
"Barbara	Rutkowska"
"Kinga	Adamska"
"Jolanta	Dąbrowska"
"Katarzyna	Maciejewska"
"Konstancja	Maciejewska"
"Cecylia	Sawicka"
"Barbara	Kwiatkowska"
"Lucyna	Majewska"
"Urszula	Czerwińska"
"Urszula	Pawłowska"
"Karolina	Dudek"
"Gabriela	Czerwińska"
"Gabrysia	Walczak"
"Dagmara	Michalska"
"Agnieszka	Jaworska"
"Małgorzata	Czarnecka"
"Róża	Kaczmarek"
"Klaudia	Nowakowska"
"Weronika	Kaczmarek"
"Zofia	Czerwińska"
"Elżbieta	Szczepańska"
"Sandra	Olszewska"
"Klaudia	Szymańska"
"Barbara	Pawłowska"
"Alicja	Michalska"
"Karolina	Dudek"
"Urszula	Olszewska"
"Patrycja	Duda"
"Otylia	Wysocka"
"Alicja	Kamińska"
"Wiktoria	Szczepańska"
"Ewelina	Dąbrowska"
"Izabella	Kucharska"
"Scarlett	Maciejewska"
"Weronika	Michalska"
"Wiktoria	Czerwińska"
"Krystyna	Kaczmarek"
"Halina	Kalinowska"
"Hanna	Kalinowska"
"Grażyna	Wojciechowska"
"Krystyna	Jabłońska"
"Ewelina	Rutkowska"
"Urszula	Walczak"
"Paulina	Zawadzka"
"Anna	Olszewska"
"Weronika	Olszewska"
"Tamara	Kamińska"
"Natalia	Sawicka"
"Alicja	Borkowska"
"Matylda	Sawicka"
"Anastazja	Walczak"
"Gosia	Borkowska"
"Wiktoria	Zając"
"Dominika	Górska"
"Weronika	Chmielewska"
"Katarzyna	Chmielewska"
"Sandra	Szczepańska"
"Cecylia	Kucharska"
"Danuta	Walczak"
"Zofia	Zielińska"
"Weronika	Piotrowska"
"Patrycja	Górska"
"Julia	Duda"
"Olga	Wiśniewska"
"Ania	Pawłowska"
"Zofia	Chmielewska"
"Lena	Górska"
"Weronika	Zając"
"Konstancja	Kozłowska"
"Irena	Nowak"
"Iwona	Maciejewska"
"Barbara	Wysocka"
"Maryla	Sawicka"
"Malwina	Dudek"
"Hanna	Dudek"
"Anastazja	Nowak"
"Kamila	Kowalczyk"
"Justyna	Sawicka"
"Janina	Nowakowska"
"Irena	Pawlak"
"Barbara	Tomaszewska"
"Anna	Kowalska"
"Olga	Chmielewska"
"Łucja	Grabowska"
"Malwina	Nowak"
"Weronika	Jaworska"
"Jadwiga	Wiśniewska"
"Martyna	Sokołowska"
"Dagmara	Szczepańska"
"Violetta	Kaczmarek"
"Weronika	Duda"
"Joanna	Walczak"
"Róża	Nowicka"
"Małgorzata	Borkowska"
"Małgorzata	Adamska"
"Małgorzata	Zając"
"Cecylia	Zając"
"Hanna	Maciejewska"
"Cecylia	Sawicka"
"Anastazja	Dudek"
"Joanna	Zawadzka"
"Lucyna	Wysocka"
"Jadwiga	Michalska"
"Kornelia	Kwiatkowska"
"Renata	Kaczmarek"
"Julia	Zawadzka"
"Gabrysia	Jasińska"
"Irena	Czarnecka"
"Anastazja	Walczak"
"Klaudia	Kalinowska"
"Krysia	Czarnecka"
"Barbara	Jabłońska"
"Julia	Dąbrowska"
"Zofia	Maciejewska"
"Kamila	Czarnecka"
"Otylia	Jaworska"
"Malina	Sokołowska"
"Gosia	Szczepańska"
"Anastazja	Rutkowska"
"Weronika	Zielińska"
"Anna	Adamczyk"
"Krystyna	Maciejewska"
"Matylda	Nowicka"
"Matylda	Grabowska"
"Konstancja	Król"
"Julia	Kalinowska"
"Lena	Nowak"
"Natalia	Zielińska"
"Adrianna	Król"
"Patrycja	Pawlak"
"Anna	Jaworska"
"Anna	Woźniak"
"Krystyna	Szymańska"
"Kinga	Zawadzka"
"Marzena	Michalska"
"Anna	Wysocka"
"Klaudia	Wiśniewska"
"Katarzyna	Nowicka"
"Sylwia	Grabowska"
"Grażyna	Kowalska"
"Ewelina	Zając"
"Iwona	Michalska"
"Małgorzata	Nowak"
"Anna	Walczak"
"Karolina	Kamińska"
"Dagmara	Jasińska"
"Iwona	Pawlak"
"Małgorzata	Kalinowska"
"Zofia	Kamińska"
"Julianna	Wysocka"
"Barbara	Rutkowska"
"Barbara	Sawicka"
"Weronika	Pawlak"
"Julianna	Wieczorek"
"Urszula	Wiśniewska"
"Barbara	Dudek"
"Gabrysia	Wieczorek"
"Olga	Czerwińska"
"Danuta	Rutkowska"
"Małgorzata	Borkowska"
"Katarzyna	Maciejewska"
"Natasza	Kowalska"
"Katarzyna	Wieczorek"
"Izabella	Jaworska"
"Patrycja	Ostrowska"
"Violetta	Sobczak"
"Angelika	Grabowska"
"Patrycja	Jasińska"
"Olga	Kucharska"
"Anna	Michalska"
"Olga	Chmielewska"
"Grażyna	Rutkowska"
"Kornelia	Kowalska"
"Karolina	Szczepańska"
"Jowita	Majewska"
"Gabriela	Olszewska"
"Jowita	Zawadzka"
"Gabrysia	Rutkowska"
"Martyna	Majewska"
"Ewa	Kowalska"
"Sandra	Górska"
"Scarlett	Majewska"
"Zofia	Duda"
"Urszula	Sawicka"
"Elżbieta	Maciejewska"
"Elżbieta	Kucharska"
"Marzena	Pawlak"
"Patrycja	Król"
"Patrycja	Woźniak"
"Danuta	Kowalska"
"Hanna	Kowalczyk"
"Hanna	Tomaszewska"
"Matylda	Pawlak"
"Agnieszka	Jaworska"
"Jowita	Król"
"Grażyna	Sawicka"
"Anna	Michalska"
"Martyna	Wysocka"
"Zofia	Zielińska"
"Elżbieta	Zawadzka"
"Gabriela	Kalinowska"
"Gosia	Wiśniewska"
"Kamila	Borkowska"
"Kornelia	Wieczorek"
"Anna	Olszewska"
"Gosia	Dąbrowska"
"Julianna	Piotrowska"
"Julia	Majewska"
"Sandra	Kalinowska"
"Jowita	Nowak"
"Beata	Grabowska"
"Angelika	Majewska"
"Weronika	Dudek"
"Weronika	Nowakowska"
"Matylda	Nowakowska"
"Angelika	Kowalczyk"
"Renata	Wiśniewska"
"Krysia	Sobczak"
"Anna	Kamińska"
"Halina	Kowalska"
"Joanna	Zawadzka"
"Sandra	Kowalczyk"
"Karolina	Czerwińska"
"Teresa	Kowalska"
"Maria	Nowak"
"Weronika	Wysocka"
"Cecylia	Wojciechowska"
"Karolina	Borkowska"
"Krysia	Chmielewska"
"Agnieszka	Sobczak"
"Angelika	Nowicka"
"Urszula	Maciejewska"
"Anastazja	Zając"
"Anastazja	Kamińska"
"Irena	Dudek"
"Weronika	Dudek"
"Lucyna	Górska"
"Cecylia	Pawlak"
"Anna	Kucharska"
"Anna	Sobczak"
"Lucyna	Pawlak"
"Oliwia	Ostrowska"
"Urszula	Kalinowska"
"Barbara	Pawlak"
"Beata	Walczak"
"Kinga	Jabłońska"
"Patrycja	Jasińska"
"Róża	Maciejewska"
"Angelika	Czarnecka"
"Jadwiga	Piotrowska"
"Cecylia	Grabowska"
"Grażyna	Chmielewska"
"Sandra	Kucharska"
"Dagmara	Zając"
"Anna	Chmielewska"
"Patrycja	Nowakowska"
"Gabriela	Jabłońska"
"Natalia	Ostrowska"
"Weronika	Pawłowska"
"Luiza	Adamczyk"
"Urszula	Jabłońska"
"Wioletta	Wysocka"
"Martyna	Zając"
"Jowita	Wojciechowska"
"Anna	Sawicka"
"Jadwiga	Kucharska"
"Anna	Woźniak"
"Dominika	Czarnecka"
"Kornelia	Czerwińska"
"Weronika	Jabłońska"
"Róża	Borkowska"
"Ewelina	Kalinowska"
"Agnieszka	Nowak"
"Barbara	Nowak"
"Irena	Piotrowska"
"Zuzanna	Szczepańska"
"Anna	Kwiatkowska"
"Patrycja	Borkowska"
"Katarzyna	Borkowska"
"Sandra	Górska"
"Krystyna	Sokołowska"
"Anna	Wieczorek"
"Olga	Chmielewska"
"Klaudia	Szczepańska"
"Kinga	Nowakowska"
"Kamila	Król"
"Wioletta	Jabłońska"
"Weronika	Wieczorek"
"Matylda	Kwiatkowska"
"Julia	Tomaszewska"
"Jowita	Szymańska"
"Sandra	Nowak"
"Jolanta	Nowakowska"
"Lucyna	Walczak"
"Gabrysia	Wieczorek"
"Anna	Sobczak"
"Elżbieta	Kozłowska"
"Jowita	Sobczak"
"Kinga	Czarnecka"
"Urszula	Nowicka"
"Hanna	Kaczmarek"
"Gabrysia	Kamińska"
"Iwona	Ostrowska"
"Hanna	Wiśniewska"
"Julita	Chmielewska"
"Dagmara	Borkowska"
"Agnieszka	Czerwińska"
"Krystyna	Kamińska"
"Anna	Majewska"
"Barbara	Grabowska"
"Lena	Nowicka"
"Katarzyna	Jabłońska"
"Alicja	Kowalska"
"Wioletta	Michalska"
"Kinga	Król"
"Marcelina	Wieczorek"
"Barbara	Kowalczyk"
"Weronika	Majewska"
"Janina	Woźniak"
"Dominika	Borkowska"
"Karolina	Duda"
"Julia	Olszewska"
"Roksana	Szczepańska"
"Paulina	Kwiatkowska"
"Dagmara	Sawicka"
"Angelika	Kucharska"
"Adrianna	Pawlak"
"Danuta	Walczak"
"Kinga	Kamińska"
"Weronika	Wojciechowska"
"Anna	Duda"
"Irena	Woźniak"
"Zofia	Rutkowska"
"Luiza	Jaworska"
"Violetta	Jabłońska"
"Lena	Kucharska"
"Weronika	Dąbrowska"
"Julita	Kowalska"
"Sandra	Walczak"
"Krystyna	Maciejewska"
"Teresa	Kamińska"
"Kornelia	Dąbrowska"
"Jolanta	Sokołowska"
"Lidia	Majewska"
"Jowita	Pawłowska"
"Dominika	Jasińska"
"Elżbieta	Jabłońska"
"Violetta	Kaczmarek"
"Urszula	Grabowska"
"Dominika	Chmielewska"
"Łucja	Tomaszewska"
"Olga	Czarnecka"
"Jadwiga	Sawicka"
"Sylwia	Szymańska"
"Katarzyna	Sobczak"
"Alina	Kalinowska"
"Jowita	Czarnecka"
"Barbara	Maciejewska"
"Weronika	Kozłowska"
"Anastazja	Pawlak"
"Grażyna	Majewska"
"Barbara	Kozłowska"
"Natalia	Majewska"
"Lena	Nowicka"
"Hanna	Adamczyk"
"Małgorzata	Majewska"
"Karolina	Piotrowska"
"Ewa	Wysocka"
"Renata	Adamska"
"Janina	Nowicka"
"Dominika	Majewska"
"Zofia	Chmielewska"
"Barbara	Walczak"
"Halina	Czarnecka"
"Kinga	Król"
"Angelika	Dudek"
"Łucja	Adamczyk"
"Marzena	Michalska"
"Hanna	Tomaszewska"
"Jadwiga	Tomaszewska"
"Irena	Jaworska"
"Anna	Kowalczyk"
"Dagmara	Czarnecka"
"Anna	Czarnecka"
"Karolina	Zawadzka"
"Cecylia	Nowicka"
"Karolina	Kamińska"
"Elżbieta	Kaczmarek"
"Anastazja	Sokołowska"
"Angelika	Chmielewska"
"Jowita	Górska"
"Sandra	Kaczmarek"
"Anastazja	Nowak"
"Otylia	Duda"
"Róża	Czerwińska"
"Irena	Dąbrowska"
"Anna	Zawadzka"
"Elżbieta	Ostrowska"
"Katarzyna	Nowicka"
"Kinga	Zawadzka"
"Anna	Zawadzka"
"Paulina	Sobczak"
"Anna	Wysocka"
"Monika	Pawlak"
"Angelika	Duda"
"Ewa	Wojciechowska"
"Marzena	Zając"
"Kinga	Zielińska"
"Lucyna	Szymańska"
"Karolina	Sobczak"
"Jagoda	Pawlak"
"Halina	Szymańska"
"Angelika	Grabowska"
"Sandra	Kucharska"
"Maryla	Piotrowska"
"Alicja	Kalinowska"
"Róża	Szczepańska"
"Julia	Górska"
"Anna	Górska"
"Marcelina	Grabowska"
"Anna	Jasińska"
"Grażyna	Piotrowska"
"Angelika	Wiśniewska"
"Angelika	Dąbrowska"
"Patrycja	Ostrowska"
"Grażyna	Jabłońska"
"Weronika	Grabowska"
"Joanna	Piotrowska"
"Ewa	Ostrowska"
"Anna	Borkowska"
"Sandra	Pawlak"
"Izabella	Wojciechowska"
"Hanna	Król"
"Gabrysia	Jaworska"
"Angelika	Tomaszewska"
"Jadwiga	Grabowska"
"Weronika	Kalinowska"
"Ewelina	Nowakowska"
"Sandra	Walczak"
"Kamila	Sobczak"
"Bożena	Nowak"
"Anastazja	Kwiatkowska"
"Hanna	Wojciechowska"
"Dagmara	Kaczmarek"
"Ewelina	Dąbrowska"
"Natalia	Borkowska"
"Barbara	Zając"
"Kamila	Szczepańska"
"Gabrysia	Pawłowska"
"Łucja	Dudek"
"Halina	Zając"
"Katarzyna	Wiśniewska"
"Weronika	Szczepańska"
"Beata	Kalinowska"
"Celina	Borkowska"
"Celina	Szczepańska"
"Gosia	Chmielewska"
"Kornelia	Kamińska"
"Tamara	Nowakowska"
"Cecylia	Adamczyk"
"Natalia	Chmielewska"
"Wiktoria	Majewska"
"Ewelina	Walczak"
"Adrianna	Kwiatkowska"
"Justyna	Wieczorek"
"Anna	Jaworska"
"Weronika	Kwiatkowska"
"Jadwiga	Kucharska"
"Weronika	Jasińska"
"Julita	Król"
"Olga	Wiśniewska"
"Sylwia	Nowicka"
"Izabella	Dudek"
"Jowita	Górska"
"Marzena	Nowakowska"
"Kinga	Rutkowska"
"Weronika	Tomaszewska"
"Zofia	Nowakowska"
"Hanna	Szczepańska"
"Malina	Szymańska"
"Jagoda	Wojciechowska"
"Martyna	Chmielewska"
"Anna	Borkowska"
"Zuzanna	Szymańska"
"Katarzyna	Wiśniewska"
"Gabriela	Kamińska"
"Jadwiga	Zając"
"Zuzanna	Jasińska"
"Beata	Nowak"
"Kamila	Rutkowska"
"Celina	Sawicka"
"Weronika	Czarnecka"
"Dagmara	Kowalczyk"
"Weronika	Tomaszewska"
"Ewa	Wysocka"
"Jagoda	Kozłowska"
"Róża	Kowalczyk"
"Klaudia	Borkowska"
"Wiktoria	Chmielewska"
"Sandra	Nowicka"
"Olga	Duda"
"Jowita	Duda"
"Wiola	Majewska"
"Angelika	Ostrowska"
"Anna	Rutkowska"
"Beata	Kucharska"
"Barbara	Zając"
"Karolina	Chmielewska"
"Urszula	Szymańska"
"Krystyna	Czerwińska"
"Olga	Majewska"
"Joanna	Piotrowska"
"Karolina	Adamczyk"
"Anna	Górska"
"Martyna	Kowalczyk"
"Anna	Sobczak"
"Krystyna	Adamska"
"Anna	Kowalczyk"
"Weronika	Majewska"
"Dagmara	Pawlak"
"Gosia	Czerwińska"
"Sandra	Jaworska"
"Hanna	Ostrowska"
"Anna	Szymańska"
"Paulina	Wysocka"
"Violetta	Wieczorek"
"Anna	Sawicka"
"Zofia	Jaworska"
"Hanna	Sobczak"
"Karolina	Dudek"
"Ania	Zając"
"Gosia	Grabowska"
"Ewa	Olszewska"
"Łucja	Piotrowska"
"Olga	Czarnecka"
"Lucyna	Król"
"Adrianna	Woźniak"
"Agnieszka	Kucharska"
"Weronika	Król"
"Zofia	Szymańska"
"Olga	Kalinowska"
"Malwina	Dąbrowska"
"Weronika	Górska"
"Jowita	Olszewska"
"Iwona	Zając"
"Anastazja	Król"
"Cecylia	Walczak"
"Olga	Ostrowska"
"Scarlett	Czarnecka"
"Dorota	Górska"
"Ewa	Czarnecka"
"Alicja	Walczak"
"Dorota	Wieczorek"
"Dagmara	Pawłowska"
"Anna	Wojciechowska"
"Izabella	Maciejewska"
"Urszula	Piotrowska"
"Angelika	Walczak"
"Luiza	Wojciechowska"
"Anna	Zając"
"Róża	Dąbrowska"
"Justyna	Nowicka"
"Anna	Maciejewska"
"Luiza	Pawłowska"
"Barbara	Wiśniewska"
"Jagoda	Wiśniewska"
"Wioletta	Kamińska"
"Gabriela	Chmielewska"
"Ewa	Wiśniewska"
"Irena	Kalinowska"
"Jagoda	Adamczyk"
"Dagmara	Górska"
"Natalia	Kowalczyk"
"Sandra	Woźniak"
"Urszula	Wiśniewska"
"Luiza	Zielińska"
"Gabrysia	Kucharska"
"Marzena	Adamska"
"Krystyna	Ostrowska"
"Grażyna	Czerwińska"
"Krystyna	Ostrowska"
"Kamila	Michalska"
"Lena	Jaworska"
"Urszula	Kwiatkowska"
"Patrycja	Wojciechowska"
"Natalia	Piotrowska"
"Kinga	Pawlak"
"Małgorzata	Adamska"
"Katarzyna	Górska"
"Gabrysia	Szymańska"
"Matylda	Zając"
"Jadwiga	Wysocka"
"Cecylia	Kamińska"
"Róża	Kowalska"
"Hanna	Wysocka"
"Iwona	Walczak"
"Patrycja	Woźniak"
"Julita	Chmielewska"
"Jadwiga	Walczak"
"Ewelina	Kaczmarek"
"Hanna	Zając"
"Anastazja	Chmielewska"
"Cecylia	Pawłowska"
"Marcelina	Adamczyk"
"Grażyna	Nowicka"
"Jolanta	Pawlak"
"Dagmara	Rutkowska"
"Martyna	Dąbrowska"
"Natalia	Kowalska"
"Weronika	Woźniak"
"Sandra	Majewska"
"Anna	Kowalczyk"
"Violetta	Wojciechowska"
"Małgorzata	Zając"
"Barbara	Wysocka"
"Anna	Kowalska"
"Anna	Dąbrowska"
"Irena	Zając"
"Marcelina	Wysocka"
"Julia	Michalska"
"Sandra	Michalska"
"Agnieszka	Pawlak"
"Alicja	Wojciechowska"
"Weronika	Kozłowska"
"Monika	Nowakowska"
"Gosia	Piotrowska"
"Zofia	Pawłowska"
"Roksana	Piotrowska"
"Joanna	Czarnecka"
"Karolina	Kamińska"
"Jagoda	Walczak"
"Weronika	Woźniak"
"Luiza	Rutkowska"
"Barbara	Zając"
"Renata	Michalska"
"Hanna	Kozłowska"
"Otylia	Kowalska"
"Jowita	Tomaszewska"
"Katarzyna	Grabowska"
"Zuzanna	Pawłowska"
"Malina	Zawadzka"
"Jadwiga	Szymańska"
"Maryla	Chmielewska"
"Zuzanna	Kamińska"
"Jowita	Wiśniewska"
"Maryla	Górska"
"Sandra	Pawlak"
"Cecylia	Kalinowska"
"Wiktoria	Michalska"
"Konstancja	Nowicka"
"Weronika	Sokołowska"
"Marcelina	Kwiatkowska"
"Gabriela	Wojciechowska"
"Urszula	Olszewska"
"Janina	Chmielewska"
"Małgorzata	Kowalczyk"
"Violetta	Pawlak"
"Kornelia	Majewska"
"Dagmara	Wieczorek"
"Maria	Woźniak"
"Lena	Czerwińska"
"Karolina	Chmielewska"
"Anastazja	Jabłońska"
"Malina	Górska"
"Joanna	Wysocka"
"Gabriela	Nowicka"
"Małgorzata	Ostrowska"
"Jowita	Kozłowska"
"Konstancja	Tomaszewska"
"Karolina	Kowalska"
"Paulina	Jabłońska"
"Jadwiga	Kucharska"
"Alicja	Kwiatkowska"
"Małgorzata	Sokołowska"
"Karolina	Kowalczyk"
"Jolanta	Grabowska"
"Weronika	Czerwińska"
"Gosia	Dudek"
"Lidia	Kaczmarek"
"Ewelina	Grabowska"
"Anastazja	Jaworska"
"Oliwia	Wiśniewska"
"Lidia	Zawadzka"
"Hanna	Tomaszewska"
"Jowita	Król"
"Urszula	Majewska"
"Jadwiga	Michalska"
"Anastazja	Chmielewska"
"Paulina	Nowakowska"
"Danuta	Piotrowska"
"Barbara	Dąbrowska"
"Małgorzata	Sawicka"
"Zuzanna	Kalinowska"
"Irena	Nowakowska"
"Katarzyna	Zając"
"Alicja	Wiśniewska"
"Ewelina	Szymańska"
"Gosia	Kamińska"
"Agnieszka	Adamczyk"
"Ania	Dąbrowska"
"Barbara	Szczepańska"
"Julia	Zając"
"Paulina	Michalska"
"Konstancja	Kwiatkowska"
"Krystyna	Michalska"
"Luiza	Nowicka"
"Gosia	Górska"
"Karolina	Zielińska"
"Sandra	Walczak"
"Elżbieta	Zawadzka"
"Beata	Wojciechowska"
"Ewelina	Chmielewska"
"Katarzyna	Kowalska"
"Karolina	Sawicka"
"Klaudia	Chmielewska"
"Anna	Borkowska"
"Anna	Adamska"
"Hanna	Duda"
"Anna	Olszewska"
"Marzena	Rutkowska"
"Łucja	Olszewska"
"Zuzanna	Olszewska"
"Barbara	Rutkowska"
"Malina	Kozłowska"
"Cecylia	Walczak"
"Kornelia	Michalska"
"Dagmara	Nowakowska"
"Wioletta	Czarnecka"
"Zofia	Pawłowska"
"Barbara	Wysocka"
"Anna	Nowak"
"Weronika	Kalinowska"
"Wioletta	Król"
"Roksana	Walczak"
"Adrianna	Zając"
"Malina	Olszewska"
"Wiola	Jasińska"
"Halina	Jasińska"
"Danuta	Kwiatkowska"
"Celina	Górska"
"Julia	Walczak"
"Natalia	Maciejewska"
"Zuzanna	Ostrowska"
"Patrycja	Wieczorek"
"Gabriela	Sobczak"
"Anna	Czerwińska"
"Dagmara	Dudek"
"Hanna	Nowak"
"Elżbieta	Kaczmarek"
"Ewelina	Szymańska"
"Alina	Borkowska"
"Weronika	Maciejewska"
"Weronika	Dudek"
"Dorota	Olszewska"
"Weronika	Tomaszewska"
"Joanna	Piotrowska"
"Dominika	Szymańska"
"Katarzyna	Kucharska"
"Julia	Wiśniewska"
"Anastazja	Kozłowska"
"Karolina	Nowakowska"
"Julianna	Michalska"
"Kinga	Walczak"
"Cecylia	Szymańska"
"Anastazja	Nowicka"
"Weronika	Majewska"
"Sandra	Pawlak"
"Urszula	Wiśniewska"
"Paulina	Dudek"
"Anna	Kalinowska"
"Hanna	Nowakowska"
"Anna	Nowak"
"Lucyna	Kwiatkowska"
"Natasza	Kozłowska"
"Renata	Wojciechowska"
"Urszula	Szymańska"
"Julita	Grabowska"
"Angelika	Zielińska"
"Anastazja	Nowak"
"Urszula	Adamczyk"
"Gabriela	Kozłowska"
"Jolanta	Wieczorek"
"Maryla	Jaworska"
"Kornelia	Kowalczyk"
"Anna	Wiśniewska"
"Karolina	Kamińska"
"Urszula	Czerwińska"
"Grażyna	Król"
"Hanna	Piotrowska"
"Izabella	Kowalska"
"Lidia	Sawicka"
"Julia	Walczak"
"Sandra	Król"
"Natalia	Sobczak"
"Kinga	Kucharska"
"Grażyna	Czerwińska"
"Weronika	Ostrowska"
"Olga	Kucharska"
"Weronika	Wojciechowska"
"Zofia	Kalinowska"
"Urszula	Kalinowska"
"Otylia	Czarnecka"
"Joanna	Majewska"
"Scarlett	Wiśniewska"
"Jadwiga	Woźniak"
"Dorota	Chmielewska"
"Anna	Kowalska"
"Jadwiga	Adamska"
"Klaudia	Zawadzka"
"Anna	Jaworska"
"Grażyna	Dudek"
"Anna	Michalska"
"Matylda	Duda"
"Ewelina	Jabłońska"
"Hanna	Kowalczyk"
"Adrianna	Szczepańska"
"Maryla	Chmielewska"
"Gabrysia	Nowak"
"Wiola	Pawłowska"
"Wiola	Wiśniewska"
"Hanna	Pawlak"
"Paulina	Walczak"
"Krysia	Adamczyk"
"Weronika	Zielińska"
"Barbara	Maciejewska"
"Matylda	Zielińska"
"Karolina	Kaczmarek"
"Anastazja	Nowakowska"
"Jolanta	Adamska"
"Wiktoria	Szymańska"
"Angelika	Borkowska"
"Anna	Zawadzka"
"Dagmara	Walczak"
"Martyna	Czerwińska"
"Hanna	Kamińska"
"Karolina	Kowalska"
"Ewelina	Kowalczyk"
"Teresa	Pawlak"
"Ewa	Zając"
"Roksana	Olszewska"
"Krystyna	Maciejewska"
"Lena	Zawadzka"
"Luiza	Kowalczyk"
"Janina	Adamczyk"
"Łucja	Zając"
"Olga	Adamska"
"Hanna	Maciejewska"
"Lena	Zając"
"Patrycja	Pawłowska"
"Joanna	Olszewska"
"Martyna	Szymańska"
"Urszula	Tomaszewska"
"Roksana	Sokołowska"
"Zuzanna	Majewska"
"Elżbieta	Borkowska"
"Anna	Wiśniewska"
"Anna	Kowalska"
"Barbara	Górska"
"Karolina	Kaczmarek"
"Adrianna	Górska"
"Krysia	Tomaszewska"
"Teresa	Tomaszewska"
"Karolina	Sobczak"
"Wiola	Majewska"
"Łucja	Wysocka"
"Joanna	Wiśniewska"
"Karolina	Nowicka"
"Anna	Chmielewska"
"Łucja	Jaworska"
"Anna	Nowicka"
"Gosia	Wojciechowska"
"Urszula	Michalska"
"Natasza	Woźniak"
"Otylia	Kwiatkowska"
"Wiola	Walczak"
"Oliwia	Zawadzka"
"Dominika	Kucharska"
"Kinga	Sokołowska"
"Jadwiga	Nowicka"
"Dominika	Wiśniewska"
"Teresa	Nowakowska"
"Alicja	Kozłowska"
"Karolina	Zawadzka"
"Jadwiga	Kozłowska"
"Marcelina	Jaworska"
"Konstancja	Adamczyk"
"Anastazja	Walczak"
"Sandra	Szczepańska"
"Jadwiga	Adamczyk"
"Julita	Nowicka"
"Krystyna	Dudek"
"Weronika	Rutkowska"
"Łucja	Borkowska"
"Grażyna	Pawłowska"
"Julita	Sobczak"
"Olga	Zielińska"
"Justyna	Dąbrowska"
"Julita	Zając"
"Alicja	Borkowska"
"Ania	Kaczmarek"
"Katarzyna	Wiśniewska"
"Anna	Kozłowska"
"Ewa	Zając"
"Karolina	Sokołowska"
"Lucyna	Dąbrowska"
"Julianna	Woźniak"
"Sandra	Adamska"
"Dorota	Zając"
"Małgorzata	Kozłowska"
"Karolina	Zawadzka"
"Dominika	Kaczmarek"
"Irena	Majewska"
"Jadwiga	Nowak"
"Olga	Michalska"
"Anna	Jabłońska"
"Dagmara	Olszewska"
"Roksana	Sokołowska"
"Anna	Kwiatkowska"
"Julita	Duda"
"Lena	Wiśniewska"
"Hanna	Kamińska"
"Dagmara	Nowakowska"
"Jowita	Grabowska"
"Justyna	Dudek"
"Irena	Czarnecka"
"Barbara	Duda"
"Krystyna	Kozłowska"
"Olga	Zając"
"Sandra	Walczak"
"Karolina	Ostrowska"
"Gabriela	Dąbrowska"
"Wioletta	Jaworska"
"Zuzanna	Walczak"
"Dorota	Zając"
"Gabriela	Borkowska"
"Zuzanna	Duda"
"Wiktoria	Zając"
"Dagmara	Jabłońska"
"Olga	Pawłowska"
"Cecylia	Kalinowska"
"Jolanta	Zielińska"
"Danuta	Woźniak"
"Malina	Wojciechowska"
"Zuzanna	Majewska"
"Dorota	Król"
"Angelika	Olszewska"
"Jowita	Kucharska"
"Dagmara	Kamińska"
"Zofia	Adamczyk"
"Kinga	Szczepańska"
"Małgorzata	Jasińska"
"Patrycja	Olszewska"
"Bożena	Borkowska"
"Anastazja	Rutkowska"
"Anna	Górska"
"Ewa	Kalinowska"
"Weronika	Wysocka"
"Adrianna	Majewska"
"Dagmara	Pawłowska"
"Ewelina	Walczak"
"Dagmara	Ostrowska"
"Halina	Piotrowska"
"Bożena	Górska"
"Dorota	Zielińska"
"Elżbieta	Szymańska"
"Matylda	Wieczorek"
"Joanna	Duda"
"Kornelia	Wysocka"
"Cecylia	Kozłowska"
"Jadwiga	Sawicka"
"Dorota	Nowakowska"
"Anna	Nowakowska"
"Angelika	Majewska"
"Teresa	Nowakowska"
"Kamila	Kowalczyk"
"Weronika	Kowalczyk"
"Iwona	Jabłońska"
"Ewa	Rutkowska"
"Grażyna	Wojciechowska"
"Violetta	Maciejewska"
"Gosia	Pawłowska"
"Wiola	Kowalska"
"Zofia	Pawlak"
"Klaudia	Ostrowska"
"Anna	Walczak"
"Julia	Kalinowska"
"Martyna	Szymańska"
"Izabella	Jaworska"
"Urszula	Olszewska"
"Anna	Zając"
"Cecylia	Michalska"
"Dominika	Górska"
"Julianna	Jaworska"
"Anna	Pawlak"
"Kornelia	Sawicka"
"Katarzyna	Ostrowska"
"Roksana	Zając"
"Dagmara	Wieczorek"
"Anna	Zawadzka"
"Otylia	Jaworska"
"Karolina	Sobczak"
"Karolina	Wojciechowska"
"Anna	Kaczmarek"
"Weronika	Jaworska"
"Natalia	Kowalska"
"Karolina	Tomaszewska"
"Klaudia	Sokołowska"
"Anna	Kozłowska"
"Joanna	Tomaszewska"
"Kornelia	Górska"
"Róża	Kaczmarek"
"Karolina	Wiśniewska"
"Anna	Pawlak"
"Izabella	Dudek"
"Hanna	Nowakowska"
"Urszula	Kalinowska"
"Maryla	Sawicka"
"Urszula	Dudek"
"Jadwiga	Olszewska"
"Dominika	Jabłońska"
"Karolina	Szczepańska"
"Anna	Walczak"
"Violetta	Duda"
"Weronika	Jabłońska"
"Anna	Walczak"
"Róża	Sawicka"
"Anna	Woźniak"
"Sandra	Majewska"
"Zuzanna	Czarnecka"
"Olga	Pawłowska"
"Roksana	Król"
"Róża	Ostrowska"
"Gabriela	Pawłowska"
"Julia	Nowicka"
"Cecylia	Kamińska"
"Sandra	Król"
"Marcelina	Król"
"Lidia	Ostrowska"
"Otylia	Sawicka"
"Marcelina	Olszewska"
"Ewelina	Nowakowska"
"Dagmara	Walczak"
"Dominika	Kwiatkowska"
"Halina	Kowalczyk"
"Patrycja	Nowakowska"
"Jagoda	Adamczyk"
"Hanna	Walczak"
"Dominika	Majewska"
"Gabrysia	Chmielewska"
"Agnieszka	Górska"
"Angelika	Majewska"
"Dominika	Jabłońska"
"Adrianna	Duda"
"Urszula	Michalska"
"Barbara	Chmielewska"
"Danuta	Szymańska"
"Elżbieta	Sawicka"
"Joanna	Pawłowska"
"Lidia	Maciejewska"
"Ewelina	Kamińska"
"Ania	Grabowska"
"Wiktoria	Jasińska"
"Julianna	Sawicka"
"Grażyna	Nowakowska"
"Karolina	Pawlak"
"Teresa	Maciejewska"
"Barbara	Borkowska"
"Gabrysia	Maciejewska"
"Weronika	Sokołowska"
"Grażyna	Nowak"
"Weronika	Chmielewska"
"Zofia	Szczepańska"
"Jolanta	Chmielewska"
"Patrycja	Kowalczyk"
"Olga	Pawłowska"
"Anna	Kaczmarek"
"Jolanta	Duda"
"Konstancja	Wojciechowska"
"Jowita	Zając"
"Julianna	Wiśniewska"
"Krystyna	Jabłońska"
"Weronika	Zielińska"
"Krystyna	Pawłowska"
"Zuzanna	Dudek"
"Sandra	Sobczak"
"Danuta	Zawadzka"
"Julita	Czerwińska"
"Ania	Dudek"
"Krystyna	Rutkowska"
"Angelika	Adamska"
"Lucyna	Wojciechowska"
"Weronika	Kowalska"
"Natasza	Jasińska"
"Katarzyna	Wysocka"
"Bożena	Zawadzka"
"Dagmara	Michalska"
"Kinga	Zawadzka"
"Gosia	Czarnecka"
"Ewelina	Tomaszewska"
"Weronika	Czarnecka"
"Barbara	Sobczak"
"Zuzanna	Sobczak"
"Sandra	Jaworska"
"Alicja	Kucharska"
"Urszula	Chmielewska"
"Zofia	Ostrowska"
"Krystyna	Król"
"Lucyna	Nowakowska"
"Gabriela	Wysocka"
"Anna	Sawicka"
"Kinga	Duda"
"Kornelia	Olszewska"
"Weronika	Wieczorek"
"Kinga	Nowakowska"
"Hanna	Szczepańska"
"Malwina	Zielińska"
"Irena	Jasińska"
"Maryla	Jasińska"
"Beata	Chmielewska"
"Anastazja	Sokołowska"
"Urszula	Maciejewska"
"Barbara	Kowalczyk"
"Dagmara	Jaworska"
"Anna	Grabowska"
"Zofia	Maciejewska"
"Jadwiga	Chmielewska"
"Hanna	Wysocka"
"Monika	Czarnecka"
"Elżbieta	Kamińska"
"Barbara	Pawlak"
"Barbara	Borkowska"
"Krysia	Kowalska"
"Olga	Tomaszewska"
"Konstancja	Kamińska"
"Maryla	Walczak"
"Julia	Pawlak"
"Sandra	Grabowska"
"Klaudia	Kowalska"
"Marzena	Piotrowska"
"Ewelina	Jabłońska"
"Celina	Czerwińska"
"Alina	Borkowska"
"Agnieszka	Jabłońska"
"Marcelina	Król"
"Sandra	Sobczak"
"Grażyna	Wysocka"
"Ewelina	Tomaszewska"
"Dagmara	Kalinowska"
"Hanna	Piotrowska"
"Irena	Nowak"
"Justyna	Kalinowska"
"Julia	Borkowska"
"Weronika	Tomaszewska"
"Julia	Dudek"
"Małgorzata	Olszewska"
"Klaudia	Kwiatkowska"
"Hanna	Pawlak"
"Otylia	Duda"
"Hanna	Duda"
"Elżbieta	Nowicka"
"Dagmara	Kaczmarek"
"Kinga	Kwiatkowska"
"Irena	Kowalska"
"Hanna	Maciejewska"
"Barbara	Pawlak"
"Weronika	Czerwińska"
"Karolina	Król"
"Sandra	Wieczorek"
"Alicja	Kucharska"
"Sandra	Grabowska"
"Ewelina	Pawlak"
"Anna	Tomaszewska"
"Barbara	Woźniak"
"Teresa	Michalska"
"Natalia	Jaworska"
"Jowita	Kozłowska"
"Anna	Majewska"
"Malina	Majewska"
"Weronika	Pawlak"
"Lena	Majewska"
"Anastazja	Zielińska"
"Halina	Adamczyk"
"Konstancja	Jasińska"
"Anna	Michalska"
"Justyna	Wieczorek"
"Jowita	Zając"
"Gabrysia	Michalska"
"Natalia	Nowak"
"Natalia	Kaczmarek"
"Anna	Borkowska"
"Joanna	Piotrowska"
"Ewa	Dąbrowska"
"Malwina	Pawlak"
"Dominika	Wieczorek"
"Sandra	Zielińska"
"Celina	Borkowska"
"Ewelina	Pawlak"
"Urszula	Kucharska"
"Hanna	Kamińska"
"Dominika	Kowalczyk"
"Barbara	Duda"
"Patrycja	Kwiatkowska"
"Tamara	Rutkowska"
"Irena	Nowakowska"
"Dagmara	Zając"
"Alina	Duda"
"Ewelina	Chmielewska"
"Cecylia	Nowakowska"
"Jadwiga	Wieczorek"
"Adrianna	Wiśniewska"
"Joanna	Kaczmarek"
"Karolina	Kozłowska"
"Anastazja	Zając"
"Celina	Zielińska"
"Sylwia	Zielińska"
"Jowita	Zielińska"
"Scarlett	Michalska"
"Małgorzata	Pawłowska"
"Bożena	Szymańska"
"Patrycja	Zając"
"Barbara	Adamska"
"Agnieszka	Król"
"Gabriela	Majewska"
"Patrycja	Czerwińska"
"Katarzyna	Nowak"
"Adrianna	Majewska"
"Sandra	Kowalczyk"
"Anna	Kalinowska"
"Anna	Wieczorek"
"Hanna	Kalinowska"
"Gosia	Sobczak"
"Katarzyna	Nowakowska"
"Anna	Sawicka"
"Róża	Duda"
"Sylwia	Król"
"Ewa	Kowalczyk"
"Jowita	Adamska"
"Sandra	Król"
"Hanna	Maciejewska"
"Oliwia	Kalinowska"
"Celina	Czerwińska"
"Julia	Michalska"
"Teresa	Kucharska"
"Anastazja	Pawłowska"
"Scarlett	Kucharska"
"Luiza	Nowicka"
"Anna	Kalinowska"
"Danuta	Sokołowska"
"Anastazja	Sawicka"
"Ania	Maciejewska"
"Katarzyna	Górska"
"Patrycja	Czarnecka"
"Elżbieta	Michalska"
"Łucja	Wiśniewska"
"Klaudia	Górska"
"Grażyna	Dudek"
"Lena	Nowakowska"
"Anna	Adamczyk"
"Katarzyna	Czerwińska"
"Scarlett	Kucharska"
"Justyna	Adamczyk"
"Wioletta	Woźniak"
"Lena	Pawlak"
"Anna	Woźniak"
"Kornelia	Tomaszewska"
"Łucja	Zając"
"Malina	Tomaszewska"
"Anna	Duda"
"Gosia	Wysocka"
"Barbara	Walczak"
"Cecylia	Wieczorek"
"Scarlett	Kozłowska"
"Grażyna	Walczak"
"Wiola	Dąbrowska"
"Zofia	Kaczmarek"
"Weronika	Nowak"
"Joanna	Sobczak"
"Jolanta	Nowicka"
"Zofia	Czarnecka"
"Anna	Pawlak"
"Sandra	Kwiatkowska"
"Roksana	Czerwińska"
"Scarlett	Jabłońska"
"Urszula	Czarnecka"
"Ania	Piotrowska"
"Dagmara	Walczak"
"Hanna	Sobczak"
"Anna	Król"
"Dagmara	Zając"
"Anna	Jaworska"
"Krystyna	Piotrowska"
"Dagmara	Górska"
"Krystyna	Sokołowska"
"Bożena	Kalinowska"
"Kamila	Ostrowska"
"Kornelia	Wieczorek"
"Violetta	Adamska"
"Dominika	Duda"
"Sandra	Zając"
"Irena	Majewska"
"Grażyna	Czerwińska"
"Elżbieta	Duda"
"Angelika	Szymańska"
"Dagmara	Zawadzka"
"Anna	Sawicka"
"Ewa	Zielińska"
"Gabriela	Sokołowska"
"Wiktoria	Szymańska"
"Lena	Kowalczyk"
"Urszula	Sawicka"
"Kornelia	Ostrowska"
"Ewa	Chmielewska"
"Ewelina	Zając"
"Urszula	Czarnecka"
"Barbara	Jabłońska"
"Sylwia	Jabłońska"
"Cecylia	Sobczak"
"Anastazja	Sawicka"
"Paulina	Dąbrowska"
"Katarzyna	Zawadzka"
"Gabrysia	Sobczak"
"Zofia	Walczak"
"Kinga	Czarnecka"
"Luiza	Wojciechowska"
"Małgorzata	Nowak"
"Dagmara	Kaczmarek"
"Gabrysia	Szczepańska"
"Barbara	Wysocka"
"Cecylia	Szczepańska"
"Sylwia	Grabowska"
"Wioletta	Maciejewska"
"Malina	Kamińska"
"Bożena	Adamska"
"Danuta	Szczepańska"
"Dominika	Dąbrowska"
"Alina	Górska"
"Cecylia	Nowakowska"
"Julianna	Kowalczyk"
"Gabrysia	Woźniak"
"Klaudia	Zawadzka"
"Barbara	Sokołowska"
"Weronika	Walczak"
"Anna	Górska"
"Urszula	Szczepańska"
"Malwina	Olszewska"
"Cecylia	Olszewska"
"Jadwiga	Kalinowska"
"Teresa	Rutkowska"
"Karolina	Górska"
"Wiola	Woźniak"
"Joanna	Nowicka"
"Elżbieta	Kwiatkowska"
"Angelika	Zając"
"Kamila	Czerwińska"
"Justyna	Kaczmarek"
"Ewa	Szymańska"
"Patrycja	Kaczmarek"
"Kamila	Kalinowska"
"Gosia	Jabłońska"
"Halina	Dąbrowska"
"Anna	Górska"
"Jowita	Olszewska"
"Weronika	Olszewska"
"Lidia	Adamska"
"Violetta	Majewska"
"Alicja	Adamska"
"Joanna	Tomaszewska"
"Ewelina	Adamska"
"Barbara	Grabowska"
"Weronika	Ostrowska"
"Luiza	Woźniak"
"Natalia	Dudek"
"Małgorzata	Ostrowska"
"Urszula	Wysocka"
"Grażyna	Szczepańska"
"Anastazja	Majewska"
"Wiola	Kowalczyk"
"Scarlett	Dąbrowska"
"Dominika	Kwiatkowska"
"Olga	Woźniak"
"Anna	Pawłowska"
"Olga	Kucharska"
"Janina	Zawadzka"
"Halina	Wysocka"
"Urszula	Czarnecka"
"Cecylia	Chmielewska"
"Teresa	Adamska"
"Weronika	Majewska"
"Natalia	Szymańska"
"Dominika	Kamińska"
"Jagoda	Kaczmarek"
"Hanna	Kaczmarek"
"Anna	Ostrowska"
"Hanna	Michalska"
"Jowita	Grabowska"
"Hanna	Kwiatkowska"
"Krystyna	Kowalska"
"Krysia	Zając"
"Monika	Górska"
"Grażyna	Pawlak"
"Anastazja	Zawadzka"
"Anna	Olszewska"
"Roksana	Pawlak"
"Anna	Zawadzka"
"Hanna	Nowakowska"
"Julia	Kaczmarek"
"Marzena	Ostrowska"
"Katarzyna	Olszewska"
"Anna	Zielińska"
"Elżbieta	Zielińska"
"Urszula	Maciejewska"
"Oliwia	Adamska"
"Krystyna	Kwiatkowska"
"Anastazja	Nowicka"
"Monika	Kucharska"
"Oliwia	Jasińska"
"Irena	Pawłowska"
"Irena	Adamska"
"Oliwia	Czerwińska"
"Elżbieta	Kalinowska"
"Dagmara	Nowak"
"Anastazja	Górska"
"Anna	Sawicka"
"Maria	Adamska"
"Maria	Nowicka"
"Patrycja	Olszewska"
"Anna	Jaworska"
"Jadwiga	Majewska"
"Urszula	Czerwińska"
"Roksana	Duda"
"Lucyna	Kucharska"
"Olga	Szczepańska"
"Sandra	Pawlak"
"Dominika	Zielińska"
"Jadwiga	Pawłowska"
"Weronika	Adamczyk"
"Gabriela	Kalinowska"
"Marcelina	Duda"
"Jadwiga	Maciejewska"
"Malwina	Pawlak"
"Hanna	Zając"
"Monika	Kalinowska"
"Julianna	Sobczak"
"Joanna	Pawlak"
"Anna	Kowalska"
"Dagmara	Jasińska"
"Teresa	Wiśniewska"
"Barbara	Czerwińska"
"Otylia	Sokołowska"
"Dorota	Kalinowska"
"Jadwiga	Wiśniewska"
"Luiza	Kwiatkowska"
"Scarlett	Kowalska"
"Anna	Olszewska"
"Cecylia	Kowalska"
"Patrycja	Dudek"
"Kornelia	Piotrowska"
"Anna	Zielińska"
"Otylia	Sawicka"
"Łucja	Chmielewska"
"Otylia	Kowalska"
"Elżbieta	Olszewska"
"Małgorzata	Majewska"
"Patrycja	Maciejewska"
"Urszula	Maciejewska"
"Barbara	Chmielewska"
"Anna	Wojciechowska"
"Jowita	Majewska"
"Jagoda	Czarnecka"
"Karolina	Adamczyk"
"Hanna	Wiśniewska"
"Hanna	Sawicka"
"Lidia	Majewska"
"Malina	Maciejewska"
"Alicja	Jabłońska"
"Wiola	Olszewska"
"Olga	Wysocka"
"Sylwia	Nowicka"
"Ewa	Zielińska"
"Ewelina	Sokołowska"
"Maria	Tomaszewska"
"Katarzyna	Kozłowska"
"Olga	Adamska"
"Gosia	Majewska"
"Dagmara	Nowak"
"Jadwiga	Pawlak"
"Natasza	Borkowska"
"Julita	Walczak"
"Julia	Kowalska"
"Grażyna	Król"
"Renata	Majewska"
"Wioletta	Tomaszewska"
"Weronika	Szymańska"
"Angelika	Kwiatkowska"
"Ewelina	Wysocka"
"Anna	Kozłowska"
"Zuzanna	Kowalska"
"Sandra	Górska"
"Zofia	Tomaszewska"
"Karolina	Kucharska"
"Anna	Wysocka"
"Tamara	Kaczmarek"
"Ewa	Borkowska"
"Hanna	Szymańska"
"Karolina	Chmielewska"
"Ewelina	Pawlak"
"Katarzyna	Duda"
"Hanna	Dąbrowska"
"Kamila	Ostrowska"
"Alina	Adamczyk"
"Irena	Jaworska"
"Jadwiga	Tomaszewska"
"Julianna	Walczak"
"Anna	Czerwińska"
"Julia	Czarnecka"
"Ewa	Sobczak"
"Anna	Chmielewska"
"Konstancja	Jasińska"
"Cecylia	Ostrowska"
"Jowita	Czerwińska"
"Dagmara	Sokołowska"
"Łucja	Olszewska"
"Renata	Sawicka"
"Anna	Czerwińska"
"Julita	Kozłowska"
"Malwina	Jasińska"
"Dagmara	Jabłońska"
"Wiola	Nowicka"
"Urszula	Grabowska"
"Barbara	Kamińska"
"Jowita	Grabowska"
"Anna	Zielińska"
"Justyna	Ostrowska"
"Marzena	Sokołowska"
"Weronika	Nowak"
"Ewa	Zając"
"Karolina	Kamińska"
"Teresa	Zielińska"
"Iwona	Nowak"
"Sandra	Nowak"
"Anna	Wiśniewska"
"Weronika	Kwiatkowska"
"Gabriela	Szczepańska"
"Hanna	Jaworska"
"Dorota	Sobczak"
"Urszula	Kamińska"
"Małgorzata	Czerwińska"
"Olga	Kowalska"
"Ewelina	Górska"
"Tamara	Woźniak"
"Barbara	Nowicka"
"Krystyna	Zawadzka"
"Anna	Szczepańska"
"Agnieszka	Szymańska"
"Sandra	Wojciechowska"
"Krysia	Ostrowska"
"Martyna	Czerwińska"
"Katarzyna	Duda"
"Karolina	Rutkowska"
"Gosia	Woźniak"
"Roksana	Kamińska"
"Weronika	Kowalczyk"
"Karolina	Kowalska"
"Teresa	Sokołowska"
"Róża	Dudek"
"Tamara	Nowicka"
"Bożena	Dąbrowska"
"Anna	Sokołowska"
"Kornelia	Maciejewska"
"Martyna	Kalinowska"
"Krysia	Kalinowska"
"Patrycja	Adamczyk"
"Weronika	Sokołowska"
"Luiza	Sobczak"
"Marzena	Pawlak"
"Marzena	Olszewska"
"Maria	Grabowska"
"Teresa	Rutkowska"
"Olga	Jaworska"
"Teresa	Kalinowska"
"Weronika	Pawlak"
"Luiza	Kucharska"
"Kamila	Kucharska"
"Elżbieta	Adamczyk"
"Anna	Kucharska"
"Jagoda	Zawadzka"
"Anna	Wieczorek"
"Natalia	Zając"
"Ewa	Michalska"
"Jadwiga	Kaczmarek"
"Teresa	Pawłowska"
"Lidia	Zawadzka"
"Anna	Tomaszewska"
"Anastazja	Adamczyk"
"Ewelina	Sokołowska"
"Wiktoria	Piotrowska"
"Karolina	Adamska"
"Anastazja	Maciejewska"
"Jowita	Kowalczyk"
"Anna	Nowak"
"Natalia	Olszewska"
"Kinga	Wiśniewska"
"Jowita	Kamińska"
"Julianna	Kwiatkowska"
"Karolina	Tomaszewska"
"Kornelia	Michalska"
"Klaudia	Piotrowska"
"Danuta	Pawlak"
"Jowita	Wiśniewska"
"Anna	Nowak"
"Sylwia	Dąbrowska"
"Małgorzata	Wojciechowska"
"Anna	Borkowska"
"Krystyna	Jabłońska"
"Ewelina	Czerwińska"
"Martyna	Czarnecka"
"Klaudia	Sobczak"
"Alicja	Pawlak"
"Jowita	Jaworska"
"Anna	Kozłowska"
"Janina	Kowalska"
"Alicja	Górska"
"Cecylia	Szczepańska"
"Łucja	Sobczak"
"Dorota	Zielińska"
"Weronika	Sawicka"
"Alicja	Rutkowska"
"Lucyna	Pawłowska"
"Anna	Dąbrowska"
"Hanna	Nowicka"
"Zofia	Wieczorek"
"Krysia	Piotrowska"
"Małgorzata	Nowicka"
"Karolina	Jaworska"
"Konstancja	Kozłowska"
"Weronika	Wiśniewska"
"Anna	Walczak"
"Grażyna	Pawlak"
"Sylwia	Kaczmarek"
"Klaudia	Szczepańska"
"Violetta	Szczepańska"
"Joanna	Dudek"
"Weronika	Wojciechowska"
"Grażyna	Kowalska"
"Dagmara	Pawłowska"
"Adrianna	Sobczak"
"Kinga	Maciejewska"
"Wiola	Górska"
"Kinga	Duda"
"Róża	Majewska"
"Lidia	Dudek"
"Matylda	Kwiatkowska"
"Małgorzata	Duda"
"Dagmara	Adamska"
"Halina	Chmielewska"
"Sylwia	Kowalska"
"Jolanta	Adamska"
"Anna	Kowalczyk"
"Weronika	Górska"
"Marcelina	Michalska"
"Dagmara	Sawicka"
"Dominika	Walczak"
"Beata	Nowak"
"Anastazja	Maciejewska"
"Adrianna	Adamska"
"Angelika	Wiśniewska"
"Karolina	Szymańska"
"Violetta	Grabowska"
"Maryla	Czerwińska"
"Danuta	Grabowska"
"Ewelina	Adamska"
"Marzena	Walczak"
"Renata	Król"
"Olga	Jaworska"
"Wioletta	Nowakowska"
"Elżbieta	Król"
"Anna	Grabowska"
"Dagmara	Woźniak"
"Urszula	Majewska"
"Weronika	Nowak"
"Krysia	Adamczyk"
"Weronika	Borkowska"
"Zuzanna	Wiśniewska"
"Janina	Wojciechowska"
"Martyna	Wieczorek"
"Krystyna	Jabłońska"
"Róża	Kowalska"
"Anna	Michalska"
"Zuzanna	Wysocka"
"Zofia	Zając"
"Alicja	Rutkowska"
"Cecylia	Pawłowska"
"Sandra	Górska"
"Hanna	Wiśniewska"
"Malina	Kozłowska"
"Scarlett	Nowakowska"
"Krystyna	Grabowska"
"Hanna	Pawłowska"
"Marzena	Górska"
"Anna	Kaczmarek"
"Hanna	Wojciechowska"
"Dagmara	Maciejewska"
"Małgorzata	Olszewska"
"Malwina	Olszewska"
"Jadwiga	Nowakowska"
"Weronika	Adamczyk"
"Marzena	Duda"
"Urszula	Nowak"
"Anastazja	Sokołowska"
"Celina	Borkowska"
"Jolanta	Jabłońska"
"Katarzyna	Czerwińska"
"Renata	Nowicka"
"Elżbieta	Maciejewska"
"Roksana	Woźniak"
"Alicja	Wojciechowska"
"Jolanta	Tomaszewska"
"Weronika	Jaworska"
"Beata	Jasińska"
"Anastazja	Woźniak"
"Anna	Borkowska"
"Barbara	Woźniak"
"Hanna	Ostrowska"
"Karolina	Majewska"
"Gosia	Tomaszewska"
"Weronika	Kucharska"
"Kornelia	Borkowska"
"Urszula	Kamińska"
"Jadwiga	Jasińska"
"Anna	Kalinowska"
"Anna	Zając"
"Marzena	Wieczorek"
"Paulina	Kozłowska"
"Anna	Kowalczyk"
"Irena	Górska"
"Cecylia	Tomaszewska"
"Sandra	Kamińska"
"Maryla	Zielińska"
"Ania	Wojciechowska"
"Marzena	Piotrowska"
"Julianna	Piotrowska"
"Otylia	Kalinowska"
"Weronika	Kalinowska"
"Anna	Król"
"Angelika	Kowalczyk"
"Klaudia	Szymańska"
"Anastazja	Szymańska"
"Alicja	Wojciechowska"
"Oliwia	Kaczmarek"
"Łucja	Walczak"
"Kornelia	Tomaszewska"
"Małgorzata	Górska"
"Patrycja	Walczak"
"Karolina	Rutkowska"
"Barbara	Jabłońska"
"Weronika	Jaworska"
"Alicja	Sobczak"
"Beata	Sawicka"
"Kinga	Szczepańska"
"Beata	Wiśniewska"
"Anna	Wieczorek"
"Roksana	Kwiatkowska"
"Kinga	Piotrowska"
"Weronika	Wieczorek"
"Elżbieta	Czerwińska"
"Łucja	Rutkowska"
"Malina	Wojciechowska"
"Angelika	Kalinowska"
"Ewa	Kucharska"
"Alicja	Wysocka"
"Anna	Sawicka"
"Anna	Tomaszewska"
"Izabella	Kucharska"
"Krystyna	Wieczorek"
"Adrianna	Górska"
"Sandra	Nowak"
"Anna	Adamczyk"
"Anna	Kwiatkowska"
"Alina	Majewska"
"Otylia	Michalska"
"Zofia	Pawłowska"
"Tamara	Rutkowska"
"Karolina	Michalska"
"Anna	Kowalczyk"
"Jadwiga	Nowakowska"
"Łucja	Kozłowska"
"Dagmara	Walczak"
"Jadwiga	Olszewska"
"Patrycja	Majewska"
"Ewa	Adamska"
"Irena	Adamska"
"Jadwiga	Sokołowska"
"Scarlett	Majewska"
"Jadwiga	Ostrowska"
"Krystyna	Nowicka"
"Halina	Jaworska"
"Maryla	Szymańska"
"Oliwia	Zawadzka"
"Hanna	Jasińska"
"Anna	Jabłońska"
"Dagmara	Maciejewska"
"Tamara	Jasińska"
"Beata	Czarnecka"
"Jadwiga	Kowalczyk"
"Lidia	Chmielewska"
"Paulina	Kaczmarek"
"Julia	Kamińska"
"Barbara	Nowicka"
"Ewelina	Wojciechowska"
"Paulina	Michalska"
"Weronika	Olszewska"
"Alina	Kucharska"
"Iwona	Tomaszewska"
"Barbara	Kalinowska"
"Lena	Sobczak"
"Jadwiga	Grabowska"
"Dagmara	Wiśniewska"
"Anna	Woźniak"
"Joanna	Kozłowska"
"Hanna	Chmielewska"
"Anna	Duda"
"Agnieszka	Kalinowska"
"Dominika	Woźniak"
"Weronika	Czarnecka"
"Ewa	Czerwińska"
"Iwona	Zawadzka"
"Kornelia	Kozłowska"
"Barbara	Jabłońska"
"Zuzanna	Piotrowska"
"Tamara	Kalinowska"
"Dagmara	Borkowska"
"Monika	Nowicka"
"Lena	Wysocka"
"Cecylia	Sawicka"
"Anna	Tomaszewska"
"Anna	Pawlak"
"Cecylia	Tomaszewska"
"Ewelina	Górska"
"Dorota	Ostrowska"
"Zofia	Chmielewska"
"Małgorzata	Sokołowska"
"Urszula	Czarnecka"
"Małgorzata	Jaworska"
"Iwona	Kamińska"
"Hanna	Wiśniewska"
"Malwina	Kowalska"
"Ewelina	Sokołowska"
"Agnieszka	Dąbrowska"
"Justyna	Kamińska"
"Anna	Michalska"
"Marzena	Dudek"
"Gabriela	Michalska"
"Ewelina	Adamska"
"Łucja	Sawicka"
"Ewelina	Kucharska"
"Olga	Pawłowska"
"Anna	Czarnecka"
"Jowita	Dąbrowska"
"Roksana	Kamińska"
"Danuta	Adamczyk"
"Julianna	Grabowska"
"Grażyna	Ostrowska"
"Sandra	Adamczyk"
"Dorota	Grabowska"
"Karolina	Kaczmarek"
"Irena	Zawadzka"
"Olga	Król"
"Jowita	Woźniak"
"Alina	Kucharska"
"Ewelina	Nowak"
"Krystyna	Nowicka"
"Malina	Kaczmarek"
"Weronika	Wiśniewska"
"Weronika	Ostrowska"
"Weronika	Majewska"
"Hanna	Piotrowska"
"Katarzyna	Kowalczyk"
"Sandra	Górska"
"Krystyna	Kowalska"
"Róża	Kamińska"
"Wiktoria	Kamińska"
"Iwona	Wiśniewska"
"Zuzanna	Wojciechowska"
"Lidia	Czarnecka"
"Justyna	Piotrowska"
"Dominika	Grabowska"
